Country,Indicator,Year,Value
Afghanistan,Region,,Southern Asia
Afghanistan,"Population (000, 2021)",,39 835a
Afghanistan,"Pop. density (per km2, 2021)",,61a
Afghanistan,Capital city,,Kabul
Afghanistan,"Capital city pop. (000, 2021)",,4 114.0b
Afghanistan,UN membership date,,19-Nov-46
Afghanistan,Surface area (km2),,652 864b
Afghanistan,Sex ratio (m per 100 f),,105.3a
Afghanistan,National currency,,Afghani (AFN)
Afghanistan,Exchange rate (per US$),,77.1c
Albania,Region,,Southern Europe
Albania,"Population (000, 2021)",,2 873a
Albania,"Pop. density (per km2, 2021)",,104.9a
Albania,Capital city,,Tirana
Albania,"Capital city pop. (000, 2021)",,484.6b
Albania,UN membership date,,14-Dec-55
Albania,Surface area (km2),,28 748b
Albania,Sex ratio (m per 100 f),,103.6a
Albania,National currency,,Lek (ALL)
Albania,Exchange rate (per US$),,100.8c
Algeria,Region,,Northern Africa
Algeria,"Population (000, 2021)",,44 617a
Algeria,"Pop. density (per km2, 2021)",,18.7a
Algeria,Capital city,,Algiers
Algeria,"Capital city pop. (000, 2021)",,"2 729.3c,b"
Algeria,UN membership date,,08-Oct-62
Algeria,Surface area (km2),,2 381 741b
Algeria,Sex ratio (m per 100 f),,102.1a
Algeria,National currency,,Algerian Dinar (DZD)
Algeria,Exchange rate (per US$),,132.1d
American Samoa,Region,,Polynesia
American Samoa,"Population (000, 2021)",,55a
American Samoa,"Pop. density (per km2, 2021)",,275.5a
American Samoa,Capital city,,Pago Pago
American Samoa,"Capital city pop. (000, 2021)",,48.5c
American Samoa,Surface area (km2),,199b
American Samoa,National currency,,US Dollar (USD)
Andorra,Region,,Southern Europe
Andorra,"Population (000, 2021)",,77a
Andorra,"Pop. density (per km2, 2021)",,164.6a
Andorra,Capital city,,Andorra la Vella
Andorra,"Capital city pop. (000, 2021)",,22.6c
Andorra,UN membership date,,28-Jul-93
Andorra,Surface area (km2),,468b
Andorra,National currency,,Euro (EUR)
Andorra,Exchange rate (per US$),,0.8d
Angola,Region,,Middle Africa
Angola,"Population (000, 2021)",,33 934a
Angola,"Pop. density (per km2, 2021)",,27.2a
Angola,Capital city,,Luanda
Angola,"Capital city pop. (000, 2021)",,"8 044.7c,b"
Angola,UN membership date,,01-Dec-76
Angola,Surface area (km2),,1 246 700b
Angola,Sex ratio (m per 100 f),,97.9a
Angola,National currency,,Kwanza (AOA)
Angola,Exchange rate (per US$),,656.2d
Anguilla,Region,,Caribbean
Anguilla,"Population (000, 2021)",,15a
Anguilla,"Pop. density (per km2, 2021)",,168.1a
Anguilla,Capital city,,The Valley
Anguilla,"Capital city pop. (000, 2021)",,1.4d
Anguilla,Surface area (km2),,91b
Anguilla,National currency,,E. Caribbean Dollar (XCD)c
Anguilla,Exchange rate (per US$),,2.7e
Antigua and Barbuda,Region,,Caribbean
Antigua and Barbuda,"Population (000, 2021)",,99a
Antigua and Barbuda,"Pop. density (per km2, 2021)",,224.4a
Antigua and Barbuda,Capital city,,Saint John's
Antigua and Barbuda,"Capital city pop. (000, 2021)",,20.8d
Antigua and Barbuda,UN membership date,,11-Nov-81
Antigua and Barbuda,Surface area (km2),,442b
Antigua and Barbuda,Sex ratio (m per 100 f),,93.4a
Antigua and Barbuda,National currency,,E. Caribbean Dollar (XCD)c
Antigua and Barbuda,Exchange rate (per US$),,2.7e
Argentina,Region,,South America
Argentina,"Population (000, 2021)",,45 606a
Argentina,"Pop. density (per km2, 2021)",,16.7a
Argentina,Capital city,,Buenos Aires
Argentina,"Capital city pop. (000, 2021)",,"15 057.3d,c"
Argentina,UN membership date,,24-Oct-45
Argentina,Surface area (km2),,"2 796 427b,c"
Argentina,Sex ratio (m per 100 f),,95.3a
Argentina,National currency,,Argentine Peso (ARS)
Argentina,Exchange rate (per US$),,84e
Armenia,Region,,Western Asia
Armenia,"Population (000, 2021)",,2 968a
Armenia,"Pop. density (per km2, 2021)",,104.3a
Armenia,Capital city,,Yerevan
Armenia,"Capital city pop. (000, 2021)",,1 083.3b
Armenia,UN membership date,,02-Mar-92
Armenia,Surface area (km2),,29 743b
Armenia,Sex ratio (m per 100 f),,88.8a
Armenia,National currency,,Armenian Dram (AMD)
Armenia,Exchange rate (per US$),,522.6c
Aruba,Region,,Caribbean
Aruba,"Population (000, 2021)",,107a
Aruba,"Pop. density (per km2, 2021)",,595.5a
Aruba,Capital city,,Oranjestad
Aruba,"Capital city pop. (000, 2021)",,29.9c
Aruba,Surface area (km2),,180b
Aruba,Sex ratio (m per 100 f),,90.2a
Aruba,National currency,,Aruban Florin (AWG)
Aruba,Exchange rate (per US$),,1.8d
Australia,Region,,Oceania
Australia,"Population (000, 2021)",,"25 788a,b"
Australia,"Pop. density (per km2, 2021)",,"3.4a,b"
Australia,Capital city,,Canberra
Australia,"Capital city pop. (000, 2021)",,"452.5e,d"
Australia,UN membership date,,01-Nov-45
Australia,Surface area (km2),,"7 692 024c,d"
Australia,Sex ratio (m per 100 f),,"99.2a,b"
Australia,National currency,,Australian Dollar (AUD)
Australia,Exchange rate (per US$),,1.3f
Austria,Region,,Western Europe
Austria,"Population (000, 2021)",,9 043a
Austria,"Pop. density (per km2, 2021)",,109.7a
Austria,Capital city,,Vienna
Austria,"Capital city pop. (000, 2021)",,1 915.3b
Austria,UN membership date,,14-Dec-55
Austria,Surface area (km2),,83 878b
Austria,Sex ratio (m per 100 f),,97.4a
Austria,National currency,,Euro (EUR)
Austria,Exchange rate (per US$),,0.8c
Azerbaijan,Region,,Western Asia
Azerbaijan,"Population (000, 2021)",,"10 223a,b"
Azerbaijan,"Pop. density (per km2, 2021)",,"123.7a,b"
Azerbaijan,Capital city,,Baku
Azerbaijan,"Capital city pop. (000, 2021)",,"2 313.1d,c"
Azerbaijan,UN membership date,,02-Mar-92
Azerbaijan,Surface area (km2),,86 600c
Azerbaijan,Sex ratio (m per 100 f),,"99.9a,b"
Azerbaijan,National currency,,Azerbaijan manat (AZN)
Azerbaijan,Exchange rate (per US$),,1.7e
Bahamas,Region,,Caribbean
Bahamas,"Population (000, 2021)",,397a
Bahamas,"Pop. density (per km2, 2021)",,39.7a
Bahamas,Capital city,,Nassau
Bahamas,"Capital city pop. (000, 2021)",,279.7c
Bahamas,UN membership date,,18-Sep-73
Bahamas,Surface area (km2),,13 940b
Bahamas,Sex ratio (m per 100 f),,94.6a
Bahamas,National currency,,Bahamian Dollar (BSD)
Bahamas,Exchange rate (per US$),,1d
Bahrain,Region,,Western Asia
Bahrain,"Population (000, 2021)",,1 748a
Bahrain,"Pop. density (per km2, 2021)",,2 300.4a
Bahrain,Capital city,,Manama
Bahrain,"Capital city pop. (000, 2021)",,"600.4c,b"
Bahrain,UN membership date,,21-Sep-71
Bahrain,Surface area (km2),,778b
Bahrain,Sex ratio (m per 100 f),,184.5a
Bahrain,National currency,,Bahraini Dinar (BHD)
Bahrain,Exchange rate (per US$),,0.4d
Bangladesh,Region,,Southern Asia
Bangladesh,"Population (000, 2021)",,166 304a
Bangladesh,"Pop. density (per km2, 2021)",,1 277.6a
Bangladesh,Capital city,,Dhaka
Bangladesh,"Capital city pop. (000, 2021)",,"20 283.6c,b"
Bangladesh,UN membership date,,17-Sep-74
Bangladesh,Surface area (km2),,148 460b
Bangladesh,Sex ratio (m per 100 f),,102.1a
Bangladesh,National currency,,Taka (BDT)
Bangladesh,Exchange rate (per US$),,84.8d
Barbados,Region,,Caribbean
Barbados,"Population (000, 2021)",,288a
Barbados,"Pop. density (per km2, 2021)",,669.1a
Barbados,Capital city,,Bridgetown
Barbados,"Capital city pop. (000, 2021)",,89.2c
Barbados,UN membership date,,09-Dec-66
Barbados,Surface area (km2),,431b
Barbados,Sex ratio (m per 100 f),,93.9a
Barbados,National currency,,Barbados Dollar (BBD)
Barbados,Exchange rate (per US$),,2d
Belarus,Region,,Eastern Europe
Belarus,"Population (000, 2021)",,9 443a
Belarus,"Pop. density (per km2, 2021)",,46.5a
Belarus,Capital city,,Minsk
Belarus,"Capital city pop. (000, 2021)",,"2 016.7c,b"
Belarus,UN membership date,,24-Oct-45
Belarus,Surface area (km2),,207 600b
Belarus,Sex ratio (m per 100 f),,87.2a
Belarus,National currency,,Belarusian Ruble (BYN)
Belarus,Exchange rate (per US$),,2.6d
Belgium,Region,,Western Europe
Belgium,"Population (000, 2021)",,11 632a
Belgium,"Pop. density (per km2, 2021)",,384.2a
Belgium,Capital city,,Brussels
Belgium,"Capital city pop. (000, 2021)",,"2 065.3c,b"
Belgium,UN membership date,,27-Dec-45
Belgium,Surface area (km2),,30 528b
Belgium,Sex ratio (m per 100 f),,98.4a
Belgium,National currency,,Euro (EUR)
Belgium,Exchange rate (per US$),,0.8d
Belize,Region,,Central America
Belize,"Population (000, 2021)",,405a
Belize,"Pop. density (per km2, 2021)",,17.8a
Belize,Capital city,,Belmopan
Belize,"Capital city pop. (000, 2021)",,23c
Belize,UN membership date,,25-Sep-81
Belize,Surface area (km2),,22 965b
Belize,Sex ratio (m per 100 f),,98.8a
Belize,National currency,,Belize Dollar (BZD)
Belize,Exchange rate (per US$),,2d
Benin,Region,,Western Africa
Benin,"Population (000, 2021)",,12 451a
Benin,"Pop. density (per km2, 2021)",,110.4a
Benin,Capital city,,Porto-Novoc
Benin,"Capital city pop. (000, 2021)",,285.3e
Benin,UN membership date,,20-Sep-60
Benin,Surface area (km2),,114 763b
Benin,Sex ratio (m per 100 f),,99.8a
Benin,National currency,,"CFA Franc, BCEAO (XOF)d"
Benin,Exchange rate (per US$),,534.6f
Bermuda,Region,,Northern America
Bermuda,"Population (000, 2021)",,62a
Bermuda,"Pop. density (per km2, 2021)",,1 241.8a
Bermuda,Capital city,,Hamilton
Bermuda,"Capital city pop. (000, 2021)",,10.1c
Bermuda,Surface area (km2),,54b
Bermuda,National currency,,Bermudian Dollar (BMD)
Bermuda,Exchange rate (per US$),,1d
Bhutan,Region,,Southern Asia
Bhutan,"Population (000, 2021)",,780a
Bhutan,"Pop. density (per km2, 2021)",,20.5a
Bhutan,Capital city,,Thimphu
Bhutan,"Capital city pop. (000, 2021)",,203.3c
Bhutan,UN membership date,,21-Sep-71
Bhutan,Surface area (km2),,38 394b
Bhutan,Sex ratio (m per 100 f),,113.7a
Bhutan,National currency,,Ngultrum (BTN)
Bhutan,Exchange rate (per US$),,73d
Bolivia (Plurinational State of),Region,,South America
Bolivia (Plurinational State of),"Population (000, 2021)",,11 833a
Bolivia (Plurinational State of),"Pop. density (per km2, 2021)",,10.9a
Bolivia (Plurinational State of),Capital city,,Sucred
Bolivia (Plurinational State of),"Capital city pop. (000, 2021)",,277.9e
Bolivia (Plurinational State of),UN membership date,,14-Nov-45
Bolivia (Plurinational State of),Surface area (km2),,"1 098 581b,c"
Bolivia (Plurinational State of),Sex ratio (m per 100 f),,100.7a
Bolivia (Plurinational State of),National currency,,Boliviano (BOB)
Bolivia (Plurinational State of),Exchange rate (per US$),,6.9f
"Bonaire, Sint Eustatius and Saba",Region,,Caribbean
"Bonaire, Sint Eustatius and Saba","Population (000, 2021)",,26a
"Bonaire, Sint Eustatius and Saba","Pop. density (per km2, 2021)",,80.6a
"Bonaire, Sint Eustatius and Saba",Capital city,,Kralendijk
"Bonaire, Sint Eustatius and Saba","Capital city pop. (000, 2021)",,"11.3b,c"
"Bonaire, Sint Eustatius and Saba",National currency,,US Dollar (USD)
Bosnia and Herzegovina,Region,,Southern Europe
Bosnia and Herzegovina,"Population (000, 2021)",,3 264a
Bosnia and Herzegovina,"Pop. density (per km2, 2021)",,64a
Bosnia and Herzegovina,Capital city,,Sarajevo
Bosnia and Herzegovina,"Capital city pop. (000, 2021)",,"342.7c,b"
Bosnia and Herzegovina,UN membership date,,22-May-92
Bosnia and Herzegovina,Surface area (km2),,51 209b
Bosnia and Herzegovina,Sex ratio (m per 100 f),,95.9a
Bosnia and Herzegovina,National currency,,Convertible Mark (BAM)
Bosnia and Herzegovina,Exchange rate (per US$),,1.6d
Botswana,Region,,Southern Africa
Botswana,"Population (000, 2021)",,2 397a
Botswana,"Pop. density (per km2, 2021)",,4.2a
Botswana,Capital city,,Gaborone
Botswana,"Capital city pop. (000, 2021)",,269.3c
Botswana,UN membership date,,17-Oct-66
Botswana,Surface area (km2),,582 000b
Botswana,Sex ratio (m per 100 f),,94.2a
Botswana,National currency,,Pula (BWP)
Botswana,Exchange rate (per US$),,10.8d
Brazil,Region,,South America
Brazil,"Population (000, 2021)",,213 993a
Brazil,"Pop. density (per km2, 2021)",,25.6a
Brazil,Capital city,,Brasilia
Brazil,"Capital city pop. (000, 2021)",,"4 559.0c,b"
Brazil,UN membership date,,24-Oct-45
Brazil,Surface area (km2),,8 515 767b
Brazil,Sex ratio (m per 100 f),,96.5a
Brazil,National currency,,Brazilian Real (BRL)
Brazil,Exchange rate (per US$),,5.2d
British Virgin Islands,Region,,Caribbean
British Virgin Islands,"Population (000, 2021)",,30a
British Virgin Islands,"Pop. density (per km2, 2021)",,202.8a
British Virgin Islands,Capital city,,Road Town
British Virgin Islands,"Capital city pop. (000, 2021)",,15.1c
British Virgin Islands,Surface area (km2),,151b
British Virgin Islands,National currency,,US Dollar (USD)
Brunei Darussalam,Region,,South-eastern Asia
Brunei Darussalam,"Population (000, 2021)",,442a
Brunei Darussalam,"Pop. density (per km2, 2021)",,83.8a
Brunei Darussalam,Capital city,,Bandar Seri Begawan
Brunei Darussalam,"Capital city pop. (000, 2021)",,40.8c
Brunei Darussalam,UN membership date,,21-Sep-84
Brunei Darussalam,Surface area (km2),,5 765b
Brunei Darussalam,Sex ratio (m per 100 f),,107.7a
Brunei Darussalam,National currency,,Brunei Dollar (BND)
Brunei Darussalam,Exchange rate (per US$),,1.3d
Bulgaria,Region,,Eastern Europe
Bulgaria,"Population (000, 2021)",,6 897a
Bulgaria,"Pop. density (per km2, 2021)",,63.5a
Bulgaria,Capital city,,Sofia
Bulgaria,"Capital city pop. (000, 2021)",,1 276.9b
Bulgaria,UN membership date,,14-Dec-55
Bulgaria,Surface area (km2),,110 372b
Bulgaria,Sex ratio (m per 100 f),,94.4a
Bulgaria,National currency,,Bulgarian Lev (BGN)
Bulgaria,Exchange rate (per US$),,1.6c
Burkina Faso,Region,,Western Africa
Burkina Faso,"Population (000, 2021)",,21 497a
Burkina Faso,"Pop. density (per km2, 2021)",,78.6a
Burkina Faso,Capital city,,Ouagadougou
Burkina Faso,"Capital city pop. (000, 2021)",,2 652.7b
Burkina Faso,UN membership date,,20-Sep-60
Burkina Faso,Surface area (km2),,272 967b
Burkina Faso,Sex ratio (m per 100 f),,100a
Burkina Faso,National currency,,"CFA Franc, BCEAO (XOF)c"
Burkina Faso,Exchange rate (per US$),,534.6d
Burundi,Region,,Eastern Africa
Burundi,"Population (000, 2021)",,12 255a
Burundi,"Pop. density (per km2, 2021)",,477.2a
Burundi,Capital city,,Gitega
Burundi,"Capital city pop. (000, 2021)",,899c
Burundi,UN membership date,,18-Sep-62
Burundi,Surface area (km2),,27 834b
Burundi,Sex ratio (m per 100 f),,98.5a
Burundi,National currency,,Burundi Franc (BIF)
Burundi,Exchange rate (per US$),,1 946.4d
Cabo Verde,Region,,Western Africa
Cabo Verde,"Population (000, 2021)",,562a
Cabo Verde,"Pop. density (per km2, 2021)",,139.4a
Cabo Verde,Capital city,,Praia
Cabo Verde,"Capital city pop. (000, 2021)",,167.5c
Cabo Verde,UN membership date,,16-Sep-75
Cabo Verde,Surface area (km2),,4 033b
Cabo Verde,Sex ratio (m per 100 f),,100.8a
Cabo Verde,National currency,,Cabo Verde Escudo (CVE)
Cabo Verde,Exchange rate (per US$),,89.8d
Cambodia,Region,,South-eastern Asia
Cambodia,"Population (000, 2021)",,16 946a
Cambodia,"Pop. density (per km2, 2021)",,96a
Cambodia,Capital city,,Phnom Penh
Cambodia,"Capital city pop. (000, 2021)",,"2 014.0c,b"
Cambodia,UN membership date,,14-Dec-55
Cambodia,Surface area (km2),,181 035b
Cambodia,Sex ratio (m per 100 f),,95.4a
Cambodia,National currency,,Riel (KHR)
Cambodia,Exchange rate (per US$),,4 076.5d
Cameroon,Region,,Middle Africa
Cameroon,"Population (000, 2021)",,27 224a
Cameroon,"Pop. density (per km2, 2021)",,57.6a
Cameroon,Capital city,,YaoundÃ©
Cameroon,"Capital city pop. (000, 2021)",,3 822.4b
Cameroon,UN membership date,,20-Sep-60
Cameroon,Surface area (km2),,475 650b
Cameroon,Sex ratio (m per 100 f),,100.1a
Cameroon,National currency,,"CFA Franc, BEAC (XAF)c"
Cameroon,Exchange rate (per US$),,534.6d
Canada,Region,,Northern America
Canada,"Population (000, 2021)",,38 068a
Canada,"Pop. density (per km2, 2021)",,4.2a
Canada,Capital city,,Ottawa
Canada,"Capital city pop. (000, 2021)",,"1 378.2c,b"
Canada,UN membership date,,09-Nov-45
Canada,Surface area (km2),,9 984 670b
Canada,Sex ratio (m per 100 f),,98.6a
Canada,National currency,,Canadian Dollar (CAD)
Canada,Exchange rate (per US$),,1.3d
Cayman Islands,Region,,Caribbean
Cayman Islands,"Population (000, 2021)",,66a
Cayman Islands,"Pop. density (per km2, 2021)",,277.1a
Cayman Islands,Capital city,,George Town
Cayman Islands,"Capital city pop. (000, 2021)",,34.9c
Cayman Islands,Surface area (km2),,264b
Cayman Islands,National currency,,Cayman Islands Dollar (KYD)
Cayman Islands,Exchange rate (per US$),,0.8d
Central African Republic,Region,,Middle Africa
Central African Republic,"Population (000, 2021)",,4 920a
Central African Republic,"Pop. density (per km2, 2021)",,7.9a
Central African Republic,Capital city,,Bangui
Central African Republic,"Capital city pop. (000, 2021)",,869.6b
Central African Republic,UN membership date,,20-Sep-60
Central African Republic,Surface area (km2),,622 984b
Central African Republic,Sex ratio (m per 100 f),,98.3a
Central African Republic,National currency,,"CFA Franc, BEAC (XAF)c"
Central African Republic,Exchange rate (per US$),,534.6d
Chad,Region,,Middle Africa
Chad,"Population (000, 2021)",,16 915a
Chad,"Pop. density (per km2, 2021)",,13.4a
Chad,Capital city,,N'Djamena
Chad,"Capital city pop. (000, 2021)",,1 371.5b
Chad,UN membership date,,20-Sep-60
Chad,Surface area (km2),,1 284 000b
Chad,Sex ratio (m per 100 f),,99.7a
Chad,National currency,,"CFA Franc, BEAC (XAF)c"
Chad,Exchange rate (per US$),,534.6d
Channel Islands,Region,,Northern Europe
Channel Islands,"Population (000, 2021)",,"175a,b"
Channel Islands,"Pop. density (per km2, 2021)",,"922.3a,b"
Channel Islands,Capital city,,Saint Heliere
Channel Islands,"Capital city pop. (000, 2021)",,34.4f
Channel Islands,Surface area (km2),,"180c,d"
Channel Islands,Sex ratio (m per 100 f),,"98.1a,b"
Channel Islands,National currency,,Pound Sterling (GBP)
Channel Islands,Exchange rate (per US$),,0.8g
Chile,Region,,South America
Chile,"Population (000, 2021)",,19 212a
Chile,"Pop. density (per km2, 2021)",,25.8a
Chile,Capital city,,Santiago
Chile,"Capital city pop. (000, 2021)",,"6 723.5c,b"
Chile,UN membership date,,24-Oct-45
Chile,Surface area (km2),,756 102b
Chile,Sex ratio (m per 100 f),,97.3a
Chile,National currency,,Chilean Peso (CLP)
Chile,Exchange rate (per US$),,729d
China,Region,,Eastern Asia
China,"Population (000, 2021)",,"1 444 216a,b"
China,"Pop. density (per km2, 2021)",,"153.8a,b"
China,Capital city,,Beijing
China,"Capital city pop. (000, 2021)",,"20 035.5d,c"
China,UN membership date,,24-Oct-45
China,Surface area (km2),,9 600 000c
China,Sex ratio (m per 100 f),,"105.2a,b"
China,National currency,,Yuan Renminbi (CNY)
China,Exchange rate (per US$),,"6.5b,e"
"China, Hong Kong SAR",Region,,Eastern Asia
"China, Hong Kong SAR","Population (000, 2021)",,7 553a
"China, Hong Kong SAR","Pop. density (per km2, 2021)",,7 193.1a
"China, Hong Kong SAR",Capital city,,Hong Kong
"China, Hong Kong SAR","Capital city pop. (000, 2021)",,"7 490.8c,b"
"China, Hong Kong SAR",Surface area (km2),,1 107b
"China, Hong Kong SAR",Sex ratio (m per 100 f),,84.5a
"China, Hong Kong SAR",National currency,,Hong Kong Dollar (HKD)
"China, Hong Kong SAR",Exchange rate (per US$),,7.8d
"China, Macao SAR",Region,,Eastern Asia
"China, Macao SAR","Population (000, 2021)",,658a
"China, Macao SAR","Pop. density (per km2, 2021)",,22 019.8a
"China, Macao SAR",Capital city,,Macao
"China, Macao SAR","Capital city pop. (000, 2021)",,642.1c
"China, Macao SAR",Surface area (km2),,"33b,c"
"China, Macao SAR",Sex ratio (m per 100 f),,92.6a
"China, Macao SAR",National currency,,Pataca (MOP)
"China, Macao SAR",Exchange rate (per US$),,8d
Colombia,Region,,South America
Colombia,"Population (000, 2021)",,51 266a
Colombia,"Pop. density (per km2, 2021)",,46.2a
Colombia,Capital city,,Bogota
Colombia,"Capital city pop. (000, 2021)",,"10 779.4c,b"
Colombia,UN membership date,,05-Nov-45
Colombia,Surface area (km2),,1 141 748b
Colombia,Sex ratio (m per 100 f),,96.5a
Colombia,National currency,,Colombian Peso (COP)
Colombia,Exchange rate (per US$),,3 444.9d
Comoros,Region,,Eastern Africa
Comoros,"Population (000, 2021)",,888a
Comoros,"Pop. density (per km2, 2021)",,477.4a
Comoros,Capital city,,Moroni
Comoros,"Capital city pop. (000, 2021)",,62.4c
Comoros,UN membership date,,12-Nov-75
Comoros,Surface area (km2),,2 235b
Comoros,Sex ratio (m per 100 f),,101.8a
Comoros,National currency,,Comorian Franc (KMF)
Comoros,Exchange rate (per US$),,400.9d
Congo,Region,,Middle Africa
Congo,"Population (000, 2021)",,5 657a
Congo,"Pop. density (per km2, 2021)",,16.6a
Congo,Capital city,,Brazzaville
Congo,"Capital city pop. (000, 2021)",,2 308.1b
Congo,UN membership date,,20-Sep-60
Congo,Surface area (km2),,342 000b
Congo,Sex ratio (m per 100 f),,99.9a
Congo,National currency,,"CFA Franc, BEAC (XAF)c"
Congo,Exchange rate (per US$),,534.6d
Cook Islands,Region,,Polynesia
Cook Islands,"Population (000, 2021)",,18a
Cook Islands,"Pop. density (per km2, 2021)",,73.2a
Cook Islands,Capital city,,Avarua
Cook Islands,"Capital city pop. (000, 2021)",,"13.1d,e"
Cook Islands,Surface area (km2),,"236b,c"
Cook Islands,National currency,,New Zealand Dollar (NZD)
Cook Islands,Exchange rate (per US$),,1.4f
Costa Rica,Region,,Central America
Costa Rica,"Population (000, 2021)",,5 139a
Costa Rica,"Pop. density (per km2, 2021)",,100.6a
Costa Rica,Capital city,,San JosÃ©
Costa Rica,"Capital city pop. (000, 2021)",,"1 378.5c,b"
Costa Rica,UN membership date,,02-Nov-45
Costa Rica,Surface area (km2),,51 100b
Costa Rica,Sex ratio (m per 100 f),,99.8a
Costa Rica,National currency,,Costa Rican Colon (CRC)
Costa Rica,Exchange rate (per US$),,613.9d
Croatia,Region,,Southern Europe
Croatia,"Population (000, 2021)",,4 082a
Croatia,"Pop. density (per km2, 2021)",,72.9a
Croatia,Capital city,,Zagreb
Croatia,"Capital city pop. (000, 2021)",,"685.2c,b"
Croatia,UN membership date,,22-May-92
Croatia,Surface area (km2),,56 594b
Croatia,Sex ratio (m per 100 f),,93.2a
Croatia,National currency,,Kuna (HRK)
Croatia,Exchange rate (per US$),,6.1d
Cuba,Region,,Caribbean
Cuba,"Population (000, 2021)",,11 318a
Cuba,"Pop. density (per km2, 2021)",,106.3a
Cuba,Capital city,,Havana
Cuba,"Capital city pop. (000, 2021)",,2 138.4b
Cuba,UN membership date,,24-Oct-45
Cuba,Surface area (km2),,109 884b
Cuba,Sex ratio (m per 100 f),,98.6a
Cuba,National currency,,Cuban Peso (CUP)c
Cuba,Exchange rate (per US$),,"1d,e"
Curaçao,Region,,Caribbean
Curaçao,"Population (000, 2021)",,165a
Curaçao,"Pop. density (per km2, 2021)",,371.2a
Curaçao,Capital city,,Willemstad
Curaçao,"Capital city pop. (000, 2021)",,"144d,e"
Curaçao,Surface area (km2),,444b
Curaçao,Sex ratio (m per 100 f),,85.3a
Curaçao,National currency,,Neth. Ant. Guilder (ANG)c
Curaçao,Exchange rate (per US$),,1.8f
Cyprus,Region,,Western Asia
Cyprus,"Population (000, 2021)",,"1 216a,b"
Cyprus,"Pop. density (per km2, 2021)",,"131.6a,b"
Cyprus,Capital city,,Nicosia
Cyprus,"Capital city pop. (000, 2021)",,269.5d
Cyprus,UN membership date,,20-Sep-60
Cyprus,Surface area (km2),,9 251c
Cyprus,Sex ratio (m per 100 f),,"99.9a,b"
Cyprus,National currency,,Euro (EUR)
Cyprus,Exchange rate (per US$),,0.8e
Czechia,Region,,Eastern Europe
Czechia,"Population (000, 2021)",,10 725a
Czechia,"Pop. density (per km2, 2021)",,138.8a
Czechia,Capital city,,Prague
Czechia,"Capital city pop. (000, 2021)",,1 298.8b
Czechia,UN membership date,,19-Jan-93
Czechia,Surface area (km2),,78 871b
Czechia,Sex ratio (m per 100 f),,97.1a
Czechia,National currency,,Czech Koruna (CZK)
Czechia,Exchange rate (per US$),,21.4c
Côte d’Ivoire,Region,,Western Africa
Côte d’Ivoire,"Population (000, 2021)",,27 054a
Côte d’Ivoire,"Pop. density (per km2, 2021)",,85.1a
Côte d’Ivoire,Capital city,,Yamoussoukroc
Côte d’Ivoire,"Capital city pop. (000, 2021)",,231.1e
Côte d’Ivoire,UN membership date,,20-Sep-60
Côte d’Ivoire,Surface area (km2),,322 462b
Côte d’Ivoire,Sex ratio (m per 100 f),,101.6a
Côte d’Ivoire,National currency,,"CFA Franc, BCEAO (XOF)d"
Côte d’Ivoire,Exchange rate (per US$),,534.6f
Democratic People's Republic of Korea,Region,,Eastern Asia
Democratic People's Republic of Korea,"Population (000, 2021)",,25 887a
Democratic People's Republic of Korea,"Pop. density (per km2, 2021)",,215a
Democratic People's Republic of Korea,Capital city,,Pyongyang
Democratic People's Republic of Korea,"Capital city pop. (000, 2021)",,3 060.9b
Democratic People's Republic of Korea,UN membership date,,17-Sep-91
Democratic People's Republic of Korea,Surface area (km2),,120 538b
Democratic People's Republic of Korea,Sex ratio (m per 100 f),,95.7a
Democratic People's Republic of Korea,National currency,,North Korean Won (KPW)
Democratic People's Republic of Korea,Exchange rate (per US$),,"103c,d"
Democratic Republic of the Congo,Region,,Middle Africa
Democratic Republic of the Congo,"Population (000, 2021)",,92 378a
Democratic Republic of the Congo,"Pop. density (per km2, 2021)",,40.7a
Democratic Republic of the Congo,Capital city,,Kinshasa
Democratic Republic of the Congo,"Capital city pop. (000, 2021)",,13 743.3b
Democratic Republic of the Congo,UN membership date,,20-Sep-60
Democratic Republic of the Congo,Surface area (km2),,2 344 858b
Democratic Republic of the Congo,Sex ratio (m per 100 f),,99.7a
Democratic Republic of the Congo,National currency,,Congolese Franc (CDF)
Democratic Republic of the Congo,Exchange rate (per US$),,1 971.8c
Denmark,Region,,Northern Europe
Denmark,"Population (000, 2021)",,"5 813a,b"
Denmark,"Pop. density (per km2, 2021)",,"137a,b"
Denmark,Capital city,,Copenhagen
Denmark,"Capital city pop. (000, 2021)",,"1 333.9e,d"
Denmark,UN membership date,,24-Oct-45
Denmark,Surface area (km2),,"42 934c,d"
Denmark,Sex ratio (m per 100 f),,"98.8a,b"
Denmark,National currency,,Danish Krone (DKK)
Denmark,Exchange rate (per US$),,6.1f
Djibouti,Region,,Eastern Africa
Djibouti,"Population (000, 2021)",,1 002a
Djibouti,"Pop. density (per km2, 2021)",,43.2a
Djibouti,Capital city,,Djibouti
Djibouti,"Capital city pop. (000, 2021)",,"568.8c,b"
Djibouti,UN membership date,,20-Sep-77
Djibouti,Surface area (km2),,23 200b
Djibouti,Sex ratio (m per 100 f),,110.4a
Djibouti,National currency,,Djibouti Franc (DJF)
Djibouti,Exchange rate (per US$),,177.7d
Dominica,Region,,Caribbean
Dominica,"Population (000, 2021)",,72a
Dominica,"Pop. density (per km2, 2021)",,96.2a
Dominica,Capital city,,Roseau
Dominica,"Capital city pop. (000, 2021)",,14.9d
Dominica,UN membership date,,18-Dec-78
Dominica,Surface area (km2),,750b
Dominica,National currency,,E. Caribbean Dollar (XCD)c
Dominica,Exchange rate (per US$),,2.7e
Dominican Republic,Region,,Caribbean
Dominican Republic,"Population (000, 2021)",,10 954a
Dominican Republic,"Pop. density (per km2, 2021)",,226.7a
Dominican Republic,Capital city,,Santo Domingo
Dominican Republic,"Capital city pop. (000, 2021)",,"3 245.0c,b"
Dominican Republic,UN membership date,,24-Oct-45
Dominican Republic,Surface area (km2),,48 671b
Dominican Republic,Sex ratio (m per 100 f),,99.7a
Dominican Republic,National currency,,Dominican Peso (DOP)
Dominican Republic,Exchange rate (per US$),,58.3d
Ecuador,Region,,South America
Ecuador,"Population (000, 2021)",,17 888a
Ecuador,"Pop. density (per km2, 2021)",,72a
Ecuador,Capital city,,Quito
Ecuador,"Capital city pop. (000, 2021)",,1 847.7b
Ecuador,UN membership date,,21-Dec-45
Ecuador,Surface area (km2),,257 217b
Ecuador,Sex ratio (m per 100 f),,100a
Ecuador,National currency,,US Dollar (USD)
Egypt,Region,,Northern Africa
Egypt,"Population (000, 2021)",,104 258a
Egypt,"Pop. density (per km2, 2021)",,104.7a
Egypt,Capital city,,Cairo
Egypt,"Capital city pop. (000, 2021)",,"20 485.0c,b"
Egypt,UN membership date,,24-Oct-45
Egypt,Surface area (km2),,1 002 000b
Egypt,Sex ratio (m per 100 f),,102.1a
Egypt,National currency,,Egyptian Pound (EGP)
Egypt,Exchange rate (per US$),,15.7d
El Salvador,Region,,Central America
El Salvador,"Population (000, 2021)",,6 518a
El Salvador,"Pop. density (per km2, 2021)",,314.6a
El Salvador,Capital city,,San Salvador
El Salvador,"Capital city pop. (000, 2021)",,"1 105.7d,c"
El Salvador,UN membership date,,24-Oct-45
El Salvador,Surface area (km2),,"21 041b,c"
El Salvador,Sex ratio (m per 100 f),,87.9a
El Salvador,National currency,,US Dollar (USD)
Equatorial Guinea,Region,,Middle Africa
Equatorial Guinea,"Population (000, 2021)",,1 450a
Equatorial Guinea,"Pop. density (per km2, 2021)",,51.7a
Equatorial Guinea,Capital city,,Malabo
Equatorial Guinea,"Capital city pop. (000, 2021)",,296.8d
Equatorial Guinea,UN membership date,,12-Nov-68
Equatorial Guinea,Surface area (km2),,28 052b
Equatorial Guinea,Sex ratio (m per 100 f),,125.4a
Equatorial Guinea,National currency,,"CFA Franc, BEAC (XAF)c"
Equatorial Guinea,Exchange rate (per US$),,534.6e
Eritrea,Region,,Eastern Africa
Eritrea,"Population (000, 2021)",,3 602a
Eritrea,"Pop. density (per km2, 2021)",,35.7a
Eritrea,Capital city,,Asmara
Eritrea,"Capital city pop. (000, 2021)",,928.8b
Eritrea,UN membership date,,28-May-93
Eritrea,Surface area (km2),,121 144b
Eritrea,Sex ratio (m per 100 f),,100.5a
Eritrea,National currency,,Nakfa (ERN)
Eritrea,Exchange rate (per US$),,15.1c
Estonia,Region,,Northern Europe
Estonia,"Population (000, 2021)",,1 325a
Estonia,"Pop. density (per km2, 2021)",,31.3a
Estonia,Capital city,,Tallinn
Estonia,"Capital city pop. (000, 2021)",,441.3b
Estonia,UN membership date,,17-Sep-91
Estonia,Surface area (km2),,45 261b
Estonia,Sex ratio (m per 100 f),,90.3a
Estonia,National currency,,Euro (EUR)
Estonia,Exchange rate (per US$),,0.8c
Eswatini,Region,,Southern Africa
Eswatini,"Population (000, 2021)",,1 172a
Eswatini,"Pop. density (per km2, 2021)",,68.2a
Eswatini,Capital city,,Mbabanec
Eswatini,"Capital city pop. (000, 2021)",,"68c,d"
Eswatini,UN membership date,,24-Sep-68
Eswatini,Surface area (km2),,17 363b
Eswatini,Sex ratio (m per 100 f),,97a
Eswatini,National currency,,Lilangeni (SZL)
Eswatini,Exchange rate (per US$),,14.6e
Ethiopia,Region,,Eastern Africa
Ethiopia,"Population (000, 2021)",,117 876a
Ethiopia,"Pop. density (per km2, 2021)",,117.9a
Ethiopia,Capital city,,Addis Ababa
Ethiopia,"Capital city pop. (000, 2021)",,4 592.0b
Ethiopia,UN membership date,,13-Nov-45
Ethiopia,Surface area (km2),,1 104 300b
Ethiopia,Sex ratio (m per 100 f),,100.1a
Ethiopia,National currency,,Ethiopian Birr (ETB)
Ethiopia,Exchange rate (per US$),,39.2c
Falkland Islands (Malvinas),Region,,South America
Falkland Islands (Malvinas),"Population (000, 2021)",,"4a,b"
Falkland Islands (Malvinas),"Pop. density (per km2, 2021)",,"0.3a,b"
Falkland Islands (Malvinas),Capital city,,Stanley
Falkland Islands (Malvinas),"Capital city pop. (000, 2021)",,"2.3c,e"
Falkland Islands (Malvinas),Surface area (km2),,"12 173c,d"
Falkland Islands (Malvinas),National currency,,Falkland Islands Pound (FKP)
Faroe Islands,Region,,Northern Europe
Faroe Islands,"Population (000, 2021)",,49a
Faroe Islands,"Pop. density (per km2, 2021)",,35.1a
Faroe Islands,Capital city,,TÃ³rshavn
Faroe Islands,"Capital city pop. (000, 2021)",,20.8c
Faroe Islands,Surface area (km2),,1 393b
Faroe Islands,National currency,,Danish Krone (DKK)
Faroe Islands,Exchange rate (per US$),,6.1d
Fiji,Region,,Melanesia
Fiji,"Population (000, 2021)",,903a
Fiji,"Pop. density (per km2, 2021)",,49.4a
Fiji,Capital city,,Suva
Fiji,"Capital city pop. (000, 2021)",,178.3c
Fiji,UN membership date,,13-Oct-70
Fiji,Surface area (km2),,18 272b
Fiji,Sex ratio (m per 100 f),,102.5a
Fiji,National currency,,Fiji Dollar (FJD)
Fiji,Exchange rate (per US$),,2d
Finland,Region,,Northern Europe
Finland,"Population (000, 2021)",,"5 548a,b"
Finland,"Pop. density (per km2, 2021)",,"18.3a,b"
Finland,Capital city,,Helsinki
Finland,"Capital city pop. (000, 2021)",,1 292.2d
Finland,UN membership date,,14-Dec-55
Finland,Surface area (km2),,"336 872c,d"
Finland,Sex ratio (m per 100 f),,"97.4a,b"
Finland,National currency,,Euro (EUR)
Finland,Exchange rate (per US$),,0.8e
France,Region,,Western Europe
France,"Population (000, 2021)",,65 426a
France,"Pop. density (per km2, 2021)",,119.5a
France,Capital city,,Paris
France,"Capital city pop. (000, 2021)",,10 958.2b
France,UN membership date,,24-Oct-45
France,Surface area (km2),,551 500b
France,Sex ratio (m per 100 f),,93.8a
France,National currency,,Euro (EUR)
France,Exchange rate (per US$),,0.8c
French Guiana,Region,,South America
French Guiana,"Population (000, 2021)",,306a
French Guiana,"Pop. density (per km2, 2021)",,3.7a
French Guiana,Capital city,,Cayenne
French Guiana,"Capital city pop. (000, 2021)",,57.5c
French Guiana,Surface area (km2),,83 534b
French Guiana,Sex ratio (m per 100 f),,98a
French Guiana,National currency,,Euro (EUR)
French Guiana,Exchange rate (per US$),,0.8d
French Polynesia,Region,,Polynesia
French Polynesia,"Population (000, 2021)",,282a
French Polynesia,"Pop. density (per km2, 2021)",,77.2a
French Polynesia,Capital city,,Papeete
French Polynesia,"Capital city pop. (000, 2021)",,"136e,f"
French Polynesia,Surface area (km2),,"3 687b,c"
French Polynesia,Sex ratio (m per 100 f),,102.5a
French Polynesia,National currency,,CFP Franc (XPF)d
French Polynesia,Exchange rate (per US$),,97.2g
Gabon,Region,,Middle Africa
Gabon,"Population (000, 2021)",,2 279a
Gabon,"Pop. density (per km2, 2021)",,8.8a
Gabon,Capital city,,Libreville
Gabon,"Capital city pop. (000, 2021)",,823.9b
Gabon,UN membership date,,20-Sep-60
Gabon,Surface area (km2),,267 668b
Gabon,Sex ratio (m per 100 f),,103.6a
Gabon,National currency,,"CFA Franc, BEAC (XAF)c"
Gabon,Exchange rate (per US$),,534.6d
Gambia,Region,,Western Africa
Gambia,"Population (000, 2021)",,2 487a
Gambia,"Pop. density (per km2, 2021)",,245.7a
Gambia,Capital city,,Banjul
Gambia,"Capital city pop. (000, 2021)",,"443.4c,b"
Gambia,UN membership date,,21-Sep-65
Gambia,Surface area (km2),,11 295b
Gambia,Sex ratio (m per 100 f),,98.4a
Gambia,National currency,,Dalasi (GMD)
Gambia,Exchange rate (per US$),,51.6d
Georgia,Region,,Western Asia
Georgia,"Population (000, 2021)",,"3 980a,b"
Georgia,"Pop. density (per km2, 2021)",,"57.3a,b"
Georgia,Capital city,,Tbilisi
Georgia,"Capital city pop. (000, 2021)",,1 077.3c
Georgia,UN membership date,,31-Jul-92
Georgia,Surface area (km2),,69 700c
Georgia,Sex ratio (m per 100 f),,"91a,b"
Georgia,National currency,,Lari (GEL)
Georgia,Exchange rate (per US$),,3.3d
Germany,Region,,Western Europe
Germany,"Population (000, 2021)",,83 900a
Germany,"Pop. density (per km2, 2021)",,240.7a
Germany,Capital city,,Berlin
Germany,"Capital city pop. (000, 2021)",,3 556.8b
Germany,UN membership date,,18-Sep-73
Germany,Surface area (km2),,357 582b
Germany,Sex ratio (m per 100 f),,97.9a
Germany,National currency,,Euro (EUR)
Germany,Exchange rate (per US$),,0.8c
Ghana,Region,,Western Africa
Ghana,"Population (000, 2021)",,31 732a
Ghana,"Pop. density (per km2, 2021)",,139.5a
Ghana,Capital city,,Accra
Ghana,"Capital city pop. (000, 2021)",,2 475.2b
Ghana,UN membership date,,08-Mar-57
Ghana,Surface area (km2),,238 537b
Ghana,Sex ratio (m per 100 f),,102.8a
Ghana,National currency,,Ghana Cedi (GHS)
Ghana,Exchange rate (per US$),,5.8c
Gibraltar,Region,,Southern Europe
Gibraltar,"Population (000, 2021)",,34a
Gibraltar,"Pop. density (per km2, 2021)",,3 369.1a
Gibraltar,Capital city,,Gibraltar
Gibraltar,"Capital city pop. (000, 2021)",,34.7c
Gibraltar,Surface area (km2),,6b
Gibraltar,National currency,,Gibraltar Pound (GIP)
Gibraltar,Exchange rate (per US$),,0.8d
Greece,Region,,Southern Europe
Greece,"Population (000, 2021)",,10 371a
Greece,"Pop. density (per km2, 2021)",,80.5a
Greece,Capital city,,Athens
Greece,"Capital city pop. (000, 2021)",,"3 154.2c,b"
Greece,UN membership date,,25-Oct-45
Greece,Surface area (km2),,131 957b
Greece,Sex ratio (m per 100 f),,96.4a
Greece,National currency,,Euro (EUR)
Greece,Exchange rate (per US$),,0.8d
Greenland,Region,,Northern America
Greenland,"Population (000, 2021)",,57a
Greenland,"Pop. density (per km2, 2021)",,0.1a
Greenland,Capital city,,Nuuk
Greenland,"Capital city pop. (000, 2021)",,18.4c
Greenland,Surface area (km2),,2 166 086b
Greenland,National currency,,Danish Krone (DKK)
Greenland,Exchange rate (per US$),,6.1d
Grenada,Region,,Caribbean
Grenada,"Population (000, 2021)",,113a
Grenada,"Pop. density (per km2, 2021)",,332.4a
Grenada,Capital city,,Saint George's
Grenada,"Capital city pop. (000, 2021)",,"39.3d,e"
Grenada,UN membership date,,17-Sep-74
Grenada,Surface area (km2),,345b
Grenada,Sex ratio (m per 100 f),,101.4a
Grenada,National currency,,E. Caribbean Dollar (XCD)c
Grenada,Exchange rate (per US$),,2.7f
Guadeloupe,Region,,Caribbean
Guadeloupe,"Population (000, 2021)",,400a
Guadeloupe,"Pop. density (per km2, 2021)",,245.7a
Guadeloupe,Capital city,,Basse-Terre
Guadeloupe,"Capital city pop. (000, 2021)",,58.4c
Guadeloupe,Surface area (km2),,1 639b
Guadeloupe,Sex ratio (m per 100 f),,85.5a
Guadeloupe,National currency,,Euro (EUR)
Guadeloupe,Exchange rate (per US$),,0.8d
Guam,Region,,Micronesia
Guam,"Population (000, 2021)",,170a
Guam,"Pop. density (per km2, 2021)",,315.2a
Guam,Capital city,,HagÃ¥tÃ±a
Guam,"Capital city pop. (000, 2021)",,146.9c
Guam,Surface area (km2),,541b
Guam,Sex ratio (m per 100 f),,101.7a
Guam,National currency,,US Dollar (USD)
Guatemala,Region,,Central America
Guatemala,"Population (000, 2021)",,18 250a
Guatemala,"Pop. density (per km2, 2021)",,170.3a
Guatemala,Capital city,,Guatemala City
Guatemala,"Capital city pop. (000, 2021)",,2 891.2b
Guatemala,UN membership date,,21-Nov-45
Guatemala,Surface area (km2),,108 889b
Guatemala,Sex ratio (m per 100 f),,97.2a
Guatemala,National currency,,Quetzal (GTQ)
Guatemala,Exchange rate (per US$),,7.8c
Guinea,Region,,Western Africa
Guinea,"Population (000, 2021)",,13 497a
Guinea,"Pop. density (per km2, 2021)",,54.9a
Guinea,Capital city,,Conakry
Guinea,"Capital city pop. (000, 2021)",,1 889.2b
Guinea,UN membership date,,12-Dec-58
Guinea,Surface area (km2),,245 836b
Guinea,Sex ratio (m per 100 f),,94a
Guinea,National currency,,Guinean Franc (GNF)
Guinea,Exchange rate (per US$),,9 400.8b
Guinea-Bissau,Region,,Western Africa
Guinea-Bissau,"Population (000, 2021)",,2 016a
Guinea-Bissau,"Pop. density (per km2, 2021)",,71.7a
Guinea-Bissau,Capital city,,Bissau
Guinea-Bissau,"Capital city pop. (000, 2021)",,578.8b
Guinea-Bissau,UN membership date,,17-Sep-74
Guinea-Bissau,Surface area (km2),,36 125b
Guinea-Bissau,Sex ratio (m per 100 f),,95.9a
Guinea-Bissau,National currency,,"CFA Franc, BCEAO (XOF)c"
Guinea-Bissau,Exchange rate (per US$),,534.6d
Guyana,Region,,South America
Guyana,"Population (000, 2021)",,790a
Guyana,"Pop. density (per km2, 2021)",,4a
Guyana,Capital city,,Georgetown
Guyana,"Capital city pop. (000, 2021)",,109.9c
Guyana,UN membership date,,20-Sep-66
Guyana,Surface area (km2),,214 969b
Guyana,Sex ratio (m per 100 f),,101.3a
Guyana,National currency,,Guyana Dollar (GYD)
Guyana,Exchange rate (per US$),,208.5d
Haiti,Region,,Caribbean
Haiti,"Population (000, 2021)",,11 542a
Haiti,"Pop. density (per km2, 2021)",,418.8a
Haiti,Capital city,,Port-au-Prince
Haiti,"Capital city pop. (000, 2021)",,2 704.2b
Haiti,UN membership date,,24-Oct-45
Haiti,Surface area (km2),,27 750b
Haiti,Sex ratio (m per 100 f),,97.4a
Haiti,National currency,,Gourde (HTG)
Haiti,Exchange rate (per US$),,72.2c
Holy See,Region,,Southern Europe
Holy See,"Population (000, 2021)",,"1a,b"
Holy See,"Pop. density (per km2, 2021)",,"1 845.5a,b"
Holy See,Capital city,,Vatican City
Holy See,"Capital city pop. (000, 2021)",,0.8e
Holy See,Surface area (km2),,"~0c,d"
Holy See,National currency,,Euro (EUR)
Holy See,Exchange rate (per US$),,0.8f
Honduras,Region,,Central America
Honduras,"Population (000, 2021)",,10 063a
Honduras,"Pop. density (per km2, 2021)",,89.9a
Honduras,Capital city,,Tegucigalpa
Honduras,"Capital city pop. (000, 2021)",,1 403.2b
Honduras,UN membership date,,17-Dec-45
Honduras,Surface area (km2),,112 492b
Honduras,Sex ratio (m per 100 f),,99.9a
Honduras,National currency,,Lempira (HNL)
Honduras,Exchange rate (per US$),,24.1c
Hungary,Region,,Eastern Europe
Hungary,"Population (000, 2021)",,9 634a
Hungary,"Pop. density (per km2, 2021)",,106.4a
Hungary,Capital city,,Budapest
Hungary,"Capital city pop. (000, 2021)",,1 763.9b
Hungary,UN membership date,,14-Dec-55
Hungary,Surface area (km2),,93 023b
Hungary,Sex ratio (m per 100 f),,90.9a
Hungary,National currency,,Forint (HUF)
Hungary,Exchange rate (per US$),,297.4c
Iceland,Region,,Northern Europe
Iceland,"Population (000, 2021)",,343a
Iceland,"Pop. density (per km2, 2021)",,3.4a
Iceland,Capital city,,Reykjavik
Iceland,"Capital city pop. (000, 2021)",,216.4c
Iceland,UN membership date,,19-Nov-46
Iceland,Surface area (km2),,103 000b
Iceland,Sex ratio (m per 100 f),,101a
Iceland,National currency,,Iceland Krona (ISK)
Iceland,Exchange rate (per US$),,127.2d
India,Region,,Southern Asia
India,"Population (000, 2021)",,1 393 409a
India,"Pop. density (per km2, 2021)",,468.7a
India,Capital city,,New Delhi
India,"Capital city pop. (000, 2021)",,"29 399.1c,b"
India,UN membership date,,30-Oct-45
India,Surface area (km2),,3 287 263b
India,Sex ratio (m per 100 f),,108.1a
India,National currency,,Indian Rupee (INR)
India,Exchange rate (per US$),,73d
Indonesia,Region,,South-eastern Asia
Indonesia,"Population (000, 2021)",,276 362a
Indonesia,"Pop. density (per km2, 2021)",,152.6a
Indonesia,Capital city,,Jakarta
Indonesia,"Capital city pop. (000, 2021)",,"10 638.7c,b"
Indonesia,UN membership date,,28-Sep-50
Indonesia,Surface area (km2),,1 910 931b
Indonesia,Sex ratio (m per 100 f),,101.4a
Indonesia,National currency,,Rupiah (IDR)
Indonesia,Exchange rate (per US$),,14 105.0d
Iran (Islamic Republic of),Region,,Southern Asia
Iran (Islamic Republic of),"Population (000, 2021)",,85 029a
Iran (Islamic Republic of),"Pop. density (per km2, 2021)",,52.2a
Iran (Islamic Republic of),Capital city,,Tehran
Iran (Islamic Republic of),"Capital city pop. (000, 2021)",,9 013.7c
Iran (Islamic Republic of),UN membership date,,24-Oct-45
Iran (Islamic Republic of),Surface area (km2),,"1 628 777b,c"
Iran (Islamic Republic of),Sex ratio (m per 100 f),,101.9a
Iran (Islamic Republic of),National currency,,Iranian Rial (IRR)
Iran (Islamic Republic of),Exchange rate (per US$),,42 000.0d
Iraq,Region,,Western Asia
Iraq,"Population (000, 2021)",,41 179a
Iraq,"Pop. density (per km2, 2021)",,94.8a
Iraq,Capital city,,Baghdad
Iraq,"Capital city pop. (000, 2021)",,6 974.4b
Iraq,UN membership date,,21-Dec-45
Iraq,Surface area (km2),,435 052b
Iraq,Sex ratio (m per 100 f),,102.5a
Iraq,National currency,,Iraqi Dinar (IQD)
Iraq,Exchange rate (per US$),,1 450.0c
Ireland,Region,,Northern Europe
Ireland,"Population (000, 2021)",,4 983a
Ireland,"Pop. density (per km2, 2021)",,72.3a
Ireland,Capital city,,Dublin
Ireland,"Capital city pop. (000, 2021)",,1 214.7b
Ireland,UN membership date,,14-Dec-55
Ireland,Surface area (km2),,69 825b
Ireland,Sex ratio (m per 100 f),,98.7a
Ireland,National currency,,Euro (EUR)
Ireland,Exchange rate (per US$),,0.8c
Isle of Man,Region,,Northern Europe
Isle of Man,"Population (000, 2021)",,85a
Isle of Man,"Pop. density (per km2, 2021)",,149.8a
Isle of Man,Capital city,,Douglas
Isle of Man,"Capital city pop. (000, 2021)",,27.2c
Isle of Man,Surface area (km2),,572b
Isle of Man,National currency,,Pound Sterling (GBP)
Isle of Man,Exchange rate (per US$),,0.8d
Israel,Region,,Western Asia
Israel,"Population (000, 2021)",,8 790a
Israel,"Pop. density (per km2, 2021)",,406.2a
Israel,Capital city,,Jerusalemc
Israel,"Capital city pop. (000, 2021)",,"919.4d,b"
Israel,UN membership date,,11-May-49
Israel,Surface area (km2),,22 072b
Israel,Sex ratio (m per 100 f),,99.2a
Israel,National currency,,New Israeli Sheqel (ILS)
Israel,Exchange rate (per US$),,3.2e
Italy,Region,,Southern Europe
Italy,"Population (000, 2021)",,60 368a
Italy,"Pop. density (per km2, 2021)",,205.2a
Italy,Capital city,,Rome
Italy,"Capital city pop. (000, 2021)",,"4 234.0c,b"
Italy,UN membership date,,14-Dec-55
Italy,Surface area (km2),,302 069b
Italy,Sex ratio (m per 100 f),,95a
Italy,National currency,,Euro (EUR)
Italy,Exchange rate (per US$),,0.8d
Jamaica,Region,,Caribbean
Jamaica,"Population (000, 2021)",,2 974a
Jamaica,"Pop. density (per km2, 2021)",,274.6a
Jamaica,Capital city,,Kingston
Jamaica,"Capital city pop. (000, 2021)",,589.8b
Jamaica,UN membership date,,18-Sep-62
Jamaica,Surface area (km2),,10 990b
Jamaica,Sex ratio (m per 100 f),,98.5a
Jamaica,National currency,,Jamaican Dollar (JMD)
Jamaica,Exchange rate (per US$),,141.7c
Japan,Region,,Eastern Asia
Japan,"Population (000, 2021)",,126 051a
Japan,"Pop. density (per km2, 2021)",,345.8a
Japan,Capital city,,Tokyo
Japan,"Capital city pop. (000, 2021)",,"37 435.2d,c"
Japan,UN membership date,,18-Dec-56
Japan,Surface area (km2),,"377 930b,c"
Japan,Sex ratio (m per 100 f),,95.4a
Japan,National currency,,Yen (JPY)
Japan,Exchange rate (per US$),,103.6e
Jordan,Region,,Western Asia
Jordan,"Population (000, 2021)",,10 269a
Jordan,"Pop. density (per km2, 2021)",,115.7a
Jordan,Capital city,,Amman
Jordan,"Capital city pop. (000, 2021)",,2 108.5b
Jordan,UN membership date,,14-Dec-55
Jordan,Surface area (km2),,89 318b
Jordan,Sex ratio (m per 100 f),,102.6a
Jordan,National currency,,Jordanian Dinar (JOD)
Jordan,Exchange rate (per US$),,0.7c
Kazakhstan,Region,,Central Asia
Kazakhstan,"Population (000, 2021)",,18 995a
Kazakhstan,"Pop. density (per km2, 2021)",,7a
Kazakhstan,Capital city,,Nur-Sultan
Kazakhstan,"Capital city pop. (000, 2021)",,1 117.6b
Kazakhstan,UN membership date,,02-Mar-92
Kazakhstan,Surface area (km2),,2 724 902b
Kazakhstan,Sex ratio (m per 100 f),,94.4a
Kazakhstan,National currency,,Tenge (KZT)
Kazakhstan,Exchange rate (per US$),,420.9c
Kenya,Region,,Eastern Africa
Kenya,"Population (000, 2021)",,54 986a
Kenya,"Pop. density (per km2, 2021)",,96.6a
Kenya,Capital city,,Nairobi
Kenya,"Capital city pop. (000, 2021)",,4 556.4b
Kenya,UN membership date,,16-Dec-63
Kenya,Surface area (km2),,591 958b
Kenya,Sex ratio (m per 100 f),,98.8a
Kenya,National currency,,Kenyan Shilling (KES)
Kenya,Exchange rate (per US$),,109.2c
Kiribati,Region,,Micronesia
Kiribati,"Population (000, 2021)",,121a
Kiribati,"Pop. density (per km2, 2021)",,149.9a
Kiribati,Capital city,,Bairiki
Kiribati,"Capital city pop. (000, 2021)",,3.2d
Kiribati,UN membership date,,14-Sep-99
Kiribati,Surface area (km2),,"726b,c"
Kiribati,Sex ratio (m per 100 f),,96.8a
Kiribati,National currency,,Australian Dollar (AUD)
Kiribati,Exchange rate (per US$),,1.3e
Kuwait,Region,,Western Asia
Kuwait,"Population (000, 2021)",,4 329a
Kuwait,"Pop. density (per km2, 2021)",,242.9a
Kuwait,Capital city,,Kuwait City
Kuwait,"Capital city pop. (000, 2021)",,"3 052.5c,b"
Kuwait,UN membership date,,14-May-63
Kuwait,Surface area (km2),,17 818b
Kuwait,Sex ratio (m per 100 f),,158.5a
Kuwait,National currency,,Kuwaiti Dinar (KWD)
Kuwait,Exchange rate (per US$),,0.3d
Kyrgyzstan,Region,,Central Asia
Kyrgyzstan,"Population (000, 2021)",,6 628a
Kyrgyzstan,"Pop. density (per km2, 2021)",,34.6a
Kyrgyzstan,Capital city,,Bishkek
Kyrgyzstan,"Capital city pop. (000, 2021)",,1 017.2b
Kyrgyzstan,UN membership date,,02-Mar-92
Kyrgyzstan,Surface area (km2),,199 949b
Kyrgyzstan,Sex ratio (m per 100 f),,97.9a
Kyrgyzstan,National currency,,Som (KGS)
Kyrgyzstan,Exchange rate (per US$),,82.6c
Lao People's Democratic Republic,Region,,South-eastern Asia
Lao People's Democratic Republic,"Population (000, 2021)",,7 379a
Lao People's Democratic Republic,"Pop. density (per km2, 2021)",,32a
Lao People's Democratic Republic,Capital city,,Vientiane
Lao People's Democratic Republic,"Capital city pop. (000, 2021)",,673.1b
Lao People's Democratic Republic,UN membership date,,14-Dec-55
Lao People's Democratic Republic,Surface area (km2),,236 800b
Lao People's Democratic Republic,Sex ratio (m per 100 f),,100.8a
Lao People's Democratic Republic,National currency,,Lao Kip (LAK)
Lao People's Democratic Republic,Exchange rate (per US$),,9 274.0c
Latvia,Region,,Northern Europe
Latvia,"Population (000, 2021)",,1 867a
Latvia,"Pop. density (per km2, 2021)",,30a
Latvia,Capital city,,Riga
Latvia,"Capital city pop. (000, 2021)",,633.8b
Latvia,UN membership date,,17-Sep-91
Latvia,Surface area (km2),,64 573b
Latvia,Sex ratio (m per 100 f),,85.6a
Latvia,National currency,,Euro (EUR)
Latvia,Exchange rate (per US$),,0.8c
Lebanon,Region,,Western Asia
Lebanon,"Population (000, 2021)",,6 769a
Lebanon,"Pop. density (per km2, 2021)",,661.7a
Lebanon,Capital city,,Beirut
Lebanon,"Capital city pop. (000, 2021)",,"2 406.9c,d,b"
Lebanon,UN membership date,,24-Oct-45
Lebanon,Surface area (km2),,10 452b
Lebanon,Sex ratio (m per 100 f),,101.5a
Lebanon,National currency,,Lebanese Pound (LBP)
Lebanon,Exchange rate (per US$),,1 507.5e
Lesotho,Region,,Southern Africa
Lesotho,"Population (000, 2021)",,2 159a
Lesotho,"Pop. density (per km2, 2021)",,71.1a
Lesotho,Capital city,,Maseru
Lesotho,"Capital city pop. (000, 2021)",,201.9c
Lesotho,UN membership date,,17-Oct-66
Lesotho,Surface area (km2),,30 355b
Lesotho,Sex ratio (m per 100 f),,97.5a
Lesotho,National currency,,Loti (LSL)
Lesotho,Exchange rate (per US$),,14.6d
Liberia,Region,,Western Africa
Liberia,"Population (000, 2021)",,5 180a
Liberia,"Pop. density (per km2, 2021)",,53.8a
Liberia,Capital city,,Monrovia
Liberia,"Capital city pop. (000, 2021)",,1 467.0b
Liberia,UN membership date,,02-Nov-45
Liberia,Surface area (km2),,111 369b
Liberia,Sex ratio (m per 100 f),,101.2a
Liberia,National currency,,Liberian Dollar (LRD)
Liberia,Exchange rate (per US$),,164.2c
Libya,Region,,Northern Africa
Libya,"Population (000, 2021)",,6 958a
Libya,"Pop. density (per km2, 2021)",,4a
Libya,Capital city,,Tripoli
Libya,"Capital city pop. (000, 2021)",,1 160.9b
Libya,UN membership date,,14-Dec-55
Libya,Surface area (km2),,1 676 198b
Libya,Sex ratio (m per 100 f),,101.9a
Libya,National currency,,Libyan Dinar (LYD)
Libya,Exchange rate (per US$),,1.4b
Liechtenstein,Region,,Western Europe
Liechtenstein,"Population (000, 2021)",,38a
Liechtenstein,"Pop. density (per km2, 2021)",,239.1a
Liechtenstein,Capital city,,Vaduz
Liechtenstein,"Capital city pop. (000, 2021)",,5.5c
Liechtenstein,UN membership date,,18-Sep-90
Liechtenstein,Surface area (km2),,160b
Liechtenstein,National currency,,Swiss Franc (CHF)
Liechtenstein,Exchange rate (per US$),,0.9d
Lithuania,Region,,Northern Europe
Lithuania,"Population (000, 2021)",,2 690a
Lithuania,"Pop. density (per km2, 2021)",,42.9a
Lithuania,Capital city,,Vilnius
Lithuania,"Capital city pop. (000, 2021)",,537.6b
Lithuania,UN membership date,,17-Sep-91
Lithuania,Surface area (km2),,65 286b
Lithuania,Sex ratio (m per 100 f),,86.2a
Lithuania,National currency,,Euro (EUR)
Lithuania,Exchange rate (per US$),,0.8c
Luxembourg,Region,,Western Europe
Luxembourg,"Population (000, 2021)",,635a
Luxembourg,"Pop. density (per km2, 2021)",,245.1a
Luxembourg,Capital city,,Luxembourg
Luxembourg,"Capital city pop. (000, 2021)",,119.8c
Luxembourg,UN membership date,,24-Oct-45
Luxembourg,Surface area (km2),,2 586b
Luxembourg,Sex ratio (m per 100 f),,102.4a
Luxembourg,National currency,,Euro (EUR)
Luxembourg,Exchange rate (per US$),,0.8d
Madagascar,Region,,Eastern Africa
Madagascar,"Population (000, 2021)",,28 427a
Madagascar,"Pop. density (per km2, 2021)",,48.9a
Madagascar,Capital city,,Antananarivo
Madagascar,"Capital city pop. (000, 2021)",,3 210.4b
Madagascar,UN membership date,,20-Sep-60
Madagascar,Surface area (km2),,587 041b
Madagascar,Sex ratio (m per 100 f),,99.6a
Madagascar,National currency,,Malagasy Ariary (MGA)
Madagascar,Exchange rate (per US$),,3 824.8c
Malawi,Region,,Eastern Africa
Malawi,"Population (000, 2021)",,19 648a
Malawi,"Pop. density (per km2, 2021)",,208.4a
Malawi,Capital city,,Lilongwe
Malawi,"Capital city pop. (000, 2021)",,1 074.7b
Malawi,UN membership date,,01-Dec-64
Malawi,Surface area (km2),,117 726b
Malawi,Sex ratio (m per 100 f),,97.3a
Malawi,National currency,,Malawi Kwacha (MWK)
Malawi,Exchange rate (per US$),,773.1c
Malaysia,Region,,South-eastern Asia
Malaysia,"Population (000, 2021)",,"32 776a,b"
Malaysia,"Pop. density (per km2, 2021)",,"99.8a,b"
Malaysia,Capital city,,Kuala Lumpurd
Malaysia,"Capital city pop. (000, 2021)",,"7 780.3e,c"
Malaysia,UN membership date,,17-Sep-57
Malaysia,Surface area (km2),,330 621c
Malaysia,Sex ratio (m per 100 f),,"105.6a,b"
Malaysia,National currency,,Malaysian Ringgit (MYR)
Malaysia,Exchange rate (per US$),,4f
Maldives,Region,,Southern Asia
Maldives,"Population (000, 2021)",,544a
Maldives,"Pop. density (per km2, 2021)",,1 812.1a
Maldives,Capital city,,Male
Maldives,"Capital city pop. (000, 2021)",,176.9c
Maldives,UN membership date,,21-Sep-65
Maldives,Surface area (km2),,300b
Maldives,Sex ratio (m per 100 f),,171.3a
Maldives,National currency,,Rufiyaa (MVR)
Maldives,Exchange rate (per US$),,15.4d
Mali,Region,,Western Africa
Mali,"Population (000, 2021)",,20 856a
Mali,"Pop. density (per km2, 2021)",,17.1a
Mali,Capital city,,Bamako
Mali,"Capital city pop. (000, 2021)",,2 529.3b
Mali,UN membership date,,28-Sep-60
Mali,Surface area (km2),,1 240 192b
Mali,Sex ratio (m per 100 f),,100.5a
Mali,National currency,,"CFA Franc, BCEAO (XOF)c"
Mali,Exchange rate (per US$),,534.6d
Malta,Region,,Southern Europe
Malta,"Population (000, 2021)",,443a
Malta,"Pop. density (per km2, 2021)",,1 383.7a
Malta,Capital city,,Valletta
Malta,"Capital city pop. (000, 2021)",,"212.8c,d"
Malta,UN membership date,,01-Dec-64
Malta,Surface area (km2),,1 565b
Malta,Sex ratio (m per 100 f),,100.7a
Malta,National currency,,Euro (EUR)
Malta,Exchange rate (per US$),,0.8e
Marshall Islands,Region,,Micronesia
Marshall Islands,"Population (000, 2021)",,60a
Marshall Islands,"Pop. density (per km2, 2021)",,331.2a
Marshall Islands,Capital city,,Majuro
Marshall Islands,"Capital city pop. (000, 2021)",,30.7c
Marshall Islands,UN membership date,,17-Sep-91
Marshall Islands,Surface area (km2),,181b
Marshall Islands,National currency,,US Dollar (USD)
Martinique,Region,,Caribbean
Martinique,"Population (000, 2021)",,375a
Martinique,"Pop. density (per km2, 2021)",,353.5a
Martinique,Capital city,,Fort-de-France
Martinique,"Capital city pop. (000, 2021)",,79.4c
Martinique,Surface area (km2),,1 090b
Martinique,Sex ratio (m per 100 f),,85a
Martinique,National currency,,Euro (EUR)
Martinique,Exchange rate (per US$),,0.8d
Mauritania,Region,,Western Africa
Mauritania,"Population (000, 2021)",,4 775a
Mauritania,"Pop. density (per km2, 2021)",,4.6a
Mauritania,Capital city,,Nouakchott
Mauritania,"Capital city pop. (000, 2021)",,1 259.0b
Mauritania,UN membership date,,27-Oct-61
Mauritania,Surface area (km2),,1 030 700b
Mauritania,Sex ratio (m per 100 f),,100.9a
Mauritania,National currency,,Ouguiya (MRU)
Mauritania,Exchange rate (per US$),,36.7c
Mauritius,Region,,Eastern Africa
Mauritius,"Population (000, 2021)",,"1 273a,b"
Mauritius,"Pop. density (per km2, 2021)",,"627.3a,b"
Mauritius,Capital city,,Port Louis
Mauritius,"Capital city pop. (000, 2021)",,149.4e
Mauritius,UN membership date,,24-Apr-68
Mauritius,Surface area (km2),,"1 979c,d"
Mauritius,Sex ratio (m per 100 f),,"97.2a,b"
Mauritius,National currency,,Mauritius Rupee (MUR)
Mauritius,Exchange rate (per US$),,39.5f
Mayotte,Region,,Eastern Africa
Mayotte,"Population (000, 2021)",,280a
Mayotte,"Pop. density (per km2, 2021)",,745.4a
Mayotte,Capital city,,Mamoudzou
Mayotte,"Capital city pop. (000, 2021)",,6.2b
Mayotte,Sex ratio (m per 100 f),,96.8a
Mayotte,National currency,,Euro (EUR)
Mayotte,Exchange rate (per US$),,0.8c
Mexico,Region,,Central America
Mexico,"Population (000, 2021)",,130 262a
Mexico,"Pop. density (per km2, 2021)",,67a
Mexico,Capital city,,Mexico City
Mexico,"Capital city pop. (000, 2021)",,"21 671.9c,b"
Mexico,UN membership date,,07-Nov-45
Mexico,Surface area (km2),,1 964 375b
Mexico,Sex ratio (m per 100 f),,95.8a
Mexico,National currency,,Mexican Peso (MXN)
Mexico,Exchange rate (per US$),,20d
Micronesia (Federated States of),Region,,Micronesia
Micronesia (Federated States of),"Population (000, 2021)",,116a
Micronesia (Federated States of),"Pop. density (per km2, 2021)",,166.1a
Micronesia (Federated States of),Capital city,,Palikir
Micronesia (Federated States of),"Capital city pop. (000, 2021)",,7c
Micronesia (Federated States of),UN membership date,,17-Sep-91
Micronesia (Federated States of),Surface area (km2),,702b
Micronesia (Federated States of),Sex ratio (m per 100 f),,103.4a
Micronesia (Federated States of),National currency,,US Dollar (USD)
Monaco,Region,,Western Europe
Monaco,"Population (000, 2021)",,40a
Monaco,"Pop. density (per km2, 2021)",,26 523.5a
Monaco,Capital city,,Monaco
Monaco,"Capital city pop. (000, 2021)",,38.9c
Monaco,UN membership date,,28-May-93
Monaco,Surface area (km2),,2b
Monaco,National currency,,Euro (EUR)
Monaco,Exchange rate (per US$),,0.8d
Mongolia,Region,,Eastern Asia
Mongolia,"Population (000, 2021)",,3 329a
Mongolia,"Pop. density (per km2, 2021)",,2.1a
Mongolia,Capital city,,Ulaanbaatar
Mongolia,"Capital city pop. (000, 2021)",,1 552.7b
Mongolia,UN membership date,,27-Oct-61
Mongolia,Surface area (km2),,1 564 116b
Mongolia,Sex ratio (m per 100 f),,97a
Mongolia,National currency,,Tugrik (MNT)
Mongolia,Exchange rate (per US$),,2 849.9c
Montenegro,Region,,Southern Europe
Montenegro,"Population (000, 2021)",,628a
Montenegro,"Pop. density (per km2, 2021)",,46.7a
Montenegro,Capital city,,Podgorica
Montenegro,"Capital city pop. (000, 2021)",,"177.2c,d"
Montenegro,UN membership date,,28-Jun-06
Montenegro,Surface area (km2),,13 812b
Montenegro,Sex ratio (m per 100 f),,97.8a
Montenegro,National currency,,Euro (EUR)
Montenegro,Exchange rate (per US$),,0.8e
Montserrat,Region,,Caribbean
Montserrat,"Population (000, 2021)",,5a
Montserrat,"Pop. density (per km2, 2021)",,49.8a
Montserrat,Capital city,,Brades Estate
Montserrat,"Capital city pop. (000, 2021)",,0.5d
Montserrat,Surface area (km2),,103b
Montserrat,National currency,,E. Caribbean Dollar (XCD)c
Montserrat,Exchange rate (per US$),,2.7e
Morocco,Region,,Northern Africa
Morocco,"Population (000, 2021)",,37 345a
Morocco,"Pop. density (per km2, 2021)",,83.7a
Morocco,Capital city,,Rabat
Morocco,"Capital city pop. (000, 2021)",,"1 864.9c,b"
Morocco,UN membership date,,12-Nov-56
Morocco,Surface area (km2),,446 550b
Morocco,Sex ratio (m per 100 f),,98.6a
Morocco,National currency,,Moroccan Dirham (MAD)
Morocco,Exchange rate (per US$),,8.9d
Mozambique,Region,,Eastern Africa
Mozambique,"Population (000, 2021)",,32 163a
Mozambique,"Pop. density (per km2, 2021)",,40.9a
Mozambique,Capital city,,Maputo
Mozambique,"Capital city pop. (000, 2021)",,1 104.3b
Mozambique,UN membership date,,16-Sep-75
Mozambique,Surface area (km2),,799 380b
Mozambique,Sex ratio (m per 100 f),,94.6a
Mozambique,National currency,,Mozambique Metical (MZN)
Mozambique,Exchange rate (per US$),,74.9c
Myanmar,Region,,South-eastern Asia
Myanmar,"Population (000, 2021)",,54 806a
Myanmar,"Pop. density (per km2, 2021)",,83.9a
Myanmar,Capital city,,Nay Pyi Taw
Myanmar,"Capital city pop. (000, 2021)",,546.5b
Myanmar,UN membership date,,19-Apr-48
Myanmar,Surface area (km2),,676 577b
Myanmar,Sex ratio (m per 100 f),,93a
Myanmar,National currency,,Kyat (MMK)
Myanmar,Exchange rate (per US$),,1 329.1c
Namibia,Region,,Southern Africa
Namibia,"Population (000, 2021)",,2 587a
Namibia,"Pop. density (per km2, 2021)",,3.1a
Namibia,Capital city,,Windhoek
Namibia,"Capital city pop. (000, 2021)",,417.4b
Namibia,UN membership date,,23-Apr-90
Namibia,Surface area (km2),,824 116b
Namibia,Sex ratio (m per 100 f),,94.1a
Namibia,National currency,,Namibia Dollar (NAD)
Namibia,Exchange rate (per US$),,14.6c
Nauru,Region,,Micronesia
Nauru,"Population (000, 2021)",,11a
Nauru,"Pop. density (per km2, 2021)",,543.6a
Nauru,Capital city,,Yaren
Nauru,"Capital city pop. (000, 2021)",,"11.3c,d"
Nauru,UN membership date,,14-Sep-99
Nauru,Surface area (km2),,21b
Nauru,National currency,,Australian Dollar (AUD)
Nauru,Exchange rate (per US$),,1.3e
Nepal,Region,,Southern Asia
Nepal,"Population (000, 2021)",,29 675a
Nepal,"Pop. density (per km2, 2021)",,207a
Nepal,Capital city,,Kathmandu
Nepal,"Capital city pop. (000, 2021)",,"1 376.1c,b"
Nepal,UN membership date,,14-Dec-55
Nepal,Surface area (km2),,147 181b
Nepal,Sex ratio (m per 100 f),,85.5a
Nepal,National currency,,Nepalese Rupee (NPR)
Nepal,Exchange rate (per US$),,117.8d
Netherlands,Region,,Western Europe
Netherlands,"Population (000, 2021)",,17 173a
Netherlands,"Pop. density (per km2, 2021)",,509.3a
Netherlands,Capital city,,Amsterdamc
Netherlands,"Capital city pop. (000, 2021)",,1 140.3b
Netherlands,UN membership date,,10-Dec-45
Netherlands,Surface area (km2),,41 543b
Netherlands,Sex ratio (m per 100 f),,99.4a
Netherlands,National currency,,Euro (EUR)
Netherlands,Exchange rate (per US$),,0.8d
New Caledonia,Region,,Melanesia
New Caledonia,"Population (000, 2021)",,288a
New Caledonia,"Pop. density (per km2, 2021)",,15.8a
New Caledonia,Capital city,,NoumÃ©a
New Caledonia,"Capital city pop. (000, 2021)",,197.8d
New Caledonia,Surface area (km2),,19 100b
New Caledonia,Sex ratio (m per 100 f),,100.9a
New Caledonia,National currency,,CFP Franc (XPF)c
New Caledonia,Exchange rate (per US$),,97.2e
New Zealand,Region,,Oceania
New Zealand,"Population (000, 2021)",,4 861a
New Zealand,"Pop. density (per km2, 2021)",,18.5a
New Zealand,Capital city,,Wellington
New Zealand,"Capital city pop. (000, 2021)",,413b
New Zealand,UN membership date,,24-Oct-45
New Zealand,Surface area (km2),,268 107b
New Zealand,Sex ratio (m per 100 f),,96.6a
New Zealand,National currency,,New Zealand Dollar (NZD)
New Zealand,Exchange rate (per US$),,1.4c
Nicaragua,Region,,Central America
Nicaragua,"Population (000, 2021)",,6 702a
Nicaragua,"Pop. density (per km2, 2021)",,55.7a
Nicaragua,Capital city,,Managua
Nicaragua,"Capital city pop. (000, 2021)",,1 055.5b
Nicaragua,UN membership date,,24-Oct-45
Nicaragua,Surface area (km2),,130 374b
Nicaragua,Sex ratio (m per 100 f),,97.2a
Nicaragua,National currency,,Cordoba Oro (NIO)
Nicaragua,Exchange rate (per US$),,34.8c
Niger,Region,,Western Africa
Niger,"Population (000, 2021)",,25 131a
Niger,"Pop. density (per km2, 2021)",,19.8a
Niger,Capital city,,Niamey
Niger,"Capital city pop. (000, 2021)",,1 251.5b
Niger,UN membership date,,20-Sep-60
Niger,Surface area (km2),,1 267 000b
Niger,Sex ratio (m per 100 f),,101.2a
Niger,National currency,,"CFA Franc, BCEAO (XOF)c"
Niger,Exchange rate (per US$),,534.6d
Nigeria,Region,,Western Africa
Nigeria,"Population (000, 2021)",,211 401a
Nigeria,"Pop. density (per km2, 2021)",,232.1a
Nigeria,Capital city,,Abuja
Nigeria,"Capital city pop. (000, 2021)",,"3 095.1c,b"
Nigeria,UN membership date,,07-Oct-60
Nigeria,Surface area (km2),,923 768b
Nigeria,Sex ratio (m per 100 f),,102.8a
Nigeria,National currency,,Naira (NGN)
Nigeria,Exchange rate (per US$),,381d
Niue,Region,,Polynesia
Niue,"Population (000, 2021)",,2a
Niue,"Pop. density (per km2, 2021)",,6.2a
Niue,Capital city,,Alofi
Niue,"Capital city pop. (000, 2021)",,0.7c
Niue,Surface area (km2),,260b
Niue,National currency,,New Zealand Dollar (NZD)
Niue,Exchange rate (per US$),,1.4d
Northern Mariana Islands,Region,,Micronesia
Northern Mariana Islands,"Population (000, 2021)",,58a
Northern Mariana Islands,"Pop. density (per km2, 2021)",,125.9a
Northern Mariana Islands,Capital city,,Garapan
Northern Mariana Islands,"Capital city pop. (000, 2021)",,4c
Northern Mariana Islands,Surface area (km2),,457b
Northern Mariana Islands,National currency,,US Dollar (USD)
Norway,Region,,Northern Europe
Norway,"Population (000, 2021)",,"5 466a,b"
Norway,"Pop. density (per km2, 2021)",,"15a,b"
Norway,Capital city,,Oslo
Norway,"Capital city pop. (000, 2021)",,1 026.8c
Norway,UN membership date,,27-Nov-45
Norway,Surface area (km2),,323 772c
Norway,Sex ratio (m per 100 f),,"102.3a,b"
Norway,National currency,,Norwegian Krone (NOK)
Norway,Exchange rate (per US$),,8.5d
Oman,Region,,Western Asia
Oman,"Population (000, 2021)",,5 223a
Oman,"Pop. density (per km2, 2021)",,16.9a
Oman,Capital city,,Muscat
Oman,"Capital city pop. (000, 2021)",,"1 501.6c,b"
Oman,UN membership date,,07-Oct-71
Oman,Surface area (km2),,309 980b
Oman,Sex ratio (m per 100 f),,193.5a
Oman,National currency,,Rial Omani (OMR)
Oman,Exchange rate (per US$),,0.4d
Pakistan,Region,,Southern Asia
Pakistan,"Population (000, 2021)",,225 200a
Pakistan,"Pop. density (per km2, 2021)",,292.1a
Pakistan,Capital city,,Islamabad
Pakistan,"Capital city pop. (000, 2021)",,1 095.1b
Pakistan,UN membership date,,30-Sep-47
Pakistan,Surface area (km2),,796 095b
Pakistan,Sex ratio (m per 100 f),,106a
Pakistan,National currency,,Pakistan Rupee (PKR)
Pakistan,Exchange rate (per US$),,159.6c
Palau,Region,,Micronesia
Palau,"Population (000, 2021)",,18a
Palau,"Pop. density (per km2, 2021)",,39.5a
Palau,Capital city,,Melekeok
Palau,"Capital city pop. (000, 2021)",,"11.4c,d"
Palau,UN membership date,,15-Dec-94
Palau,Surface area (km2),,459b
Palau,National currency,,US Dollar (USD)
Panama,Region,,Central America
Panama,"Population (000, 2021)",,4 382a
Panama,"Pop. density (per km2, 2021)",,58.9a
Panama,Capital city,,Panama City
Panama,"Capital city pop. (000, 2021)",,"1 821.7c,b"
Panama,UN membership date,,13-Nov-45
Panama,Surface area (km2),,75 320b
Panama,Sex ratio (m per 100 f),,100.2a
Panama,National currency,,Balboa (PAB)
Panama,Exchange rate (per US$),,1d
Papua New Guinea,Region,,Melanesia
Papua New Guinea,"Population (000, 2021)",,9 119a
Papua New Guinea,"Pop. density (per km2, 2021)",,20.1a
Papua New Guinea,Capital city,,Port Moresby
Papua New Guinea,"Capital city pop. (000, 2021)",,374.5b
Papua New Guinea,UN membership date,,10-Oct-75
Papua New Guinea,Surface area (km2),,462 840b
Papua New Guinea,Sex ratio (m per 100 f),,104.4a
Papua New Guinea,National currency,,Kina (PGK)
Papua New Guinea,Exchange rate (per US$),,3.5c
Paraguay,Region,,South America
Paraguay,"Population (000, 2021)",,7 220a
Paraguay,"Pop. density (per km2, 2021)",,18.2a
Paraguay,Capital city,,AsunciÃ³n
Paraguay,"Capital city pop. (000, 2021)",,"3 279.2c,b"
Paraguay,UN membership date,,24-Oct-45
Paraguay,Surface area (km2),,406 752b
Paraguay,Sex ratio (m per 100 f),,103.2a
Paraguay,National currency,,Guarani (PYG)
Paraguay,Exchange rate (per US$),,6 916.8d
Peru,Region,,South America
Peru,"Population (000, 2021)",,33 359a
Peru,"Pop. density (per km2, 2021)",,26.1a
Peru,Capital city,,Lima
Peru,"Capital city pop. (000, 2021)",,"10 554.7c,b"
Peru,UN membership date,,31-Oct-45
Peru,Surface area (km2),,1 285 216b
Peru,Sex ratio (m per 100 f),,98.7a
Peru,National currency,,Sol (PEN)
Peru,Exchange rate (per US$),,3.3b
Philippines,Region,,South-eastern Asia
Philippines,"Population (000, 2021)",,111 047a
Philippines,"Pop. density (per km2, 2021)",,372.4a
Philippines,Capital city,,Manila
Philippines,"Capital city pop. (000, 2021)",,"13 698.9c,b"
Philippines,UN membership date,,24-Oct-45
Philippines,Surface area (km2),,300 000b
Philippines,Sex ratio (m per 100 f),,100.8a
Philippines,National currency,,Philippine Piso (PHP)
Philippines,Exchange rate (per US$),,48d
Poland,Region,,Eastern Europe
Poland,"Population (000, 2021)",,37 797a
Poland,"Pop. density (per km2, 2021)",,123.4a
Poland,Capital city,,Warsaw
Poland,"Capital city pop. (000, 2021)",,1 775.9b
Poland,UN membership date,,24-Oct-45
Poland,Surface area (km2),,312 679b
Poland,Sex ratio (m per 100 f),,94a
Poland,National currency,,Zloty (PLN)
Poland,Exchange rate (per US$),,3.8c
Portugal,Region,,Southern Europe
Portugal,"Population (000, 2021)",,10 168a
Portugal,"Pop. density (per km2, 2021)",,111a
Portugal,Capital city,,Lisbon
Portugal,"Capital city pop. (000, 2021)",,"2 942.1c,b"
Portugal,UN membership date,,14-Dec-55
Portugal,Surface area (km2),,92 226b
Portugal,Sex ratio (m per 100 f),,89.8a
Portugal,National currency,,Euro (EUR)
Portugal,Exchange rate (per US$),,0.8d
Puerto Rico,Region,,Caribbean
Puerto Rico,"Population (000, 2021)",,2 828a
Puerto Rico,"Pop. density (per km2, 2021)",,318.9a
Puerto Rico,Capital city,,San Juan
Puerto Rico,"Capital city pop. (000, 2021)",,"2 451.4c,b"
Puerto Rico,Surface area (km2),,8 868b
Puerto Rico,Sex ratio (m per 100 f),,89.9a
Puerto Rico,National currency,,US Dollar (USD)
Qatar,Region,,Western Asia
Qatar,"Population (000, 2021)",,2 930a
Qatar,"Pop. density (per km2, 2021)",,252.4a
Qatar,Capital city,,Doha
Qatar,"Capital city pop. (000, 2021)",,"637.3c,b"
Qatar,UN membership date,,21-Sep-71
Qatar,Surface area (km2),,11 627b
Qatar,Sex ratio (m per 100 f),,299.3a
Qatar,National currency,,Qatari Rial (QAR)
Qatar,Exchange rate (per US$),,3.6d
Republic of Korea,Region,,Eastern Asia
Republic of Korea,"Population (000, 2021)",,51 305a
Republic of Korea,"Pop. density (per km2, 2021)",,527.7a
Republic of Korea,Capital city,,Seoul
Republic of Korea,"Capital city pop. (000, 2021)",,"9 962.4c,b"
Republic of Korea,UN membership date,,17-Sep-91
Republic of Korea,Surface area (km2),,100 340b
Republic of Korea,Sex ratio (m per 100 f),,100.2a
Republic of Korea,National currency,,South Korean Won (KRW)
Republic of Korea,Exchange rate (per US$),,1 088.0d
Republic of Moldova,Region,,Eastern Europe
Republic of Moldova,"Population (000, 2021)",,"4 024a,b"
Republic of Moldova,"Pop. density (per km2, 2021)",,"122.5a,b"
Republic of Moldova,Capital city,,Chisinau
Republic of Moldova,"Capital city pop. (000, 2021)",,504.3c
Republic of Moldova,UN membership date,,02-Mar-92
Republic of Moldova,Surface area (km2),,33 846c
Republic of Moldova,Sex ratio (m per 100 f),,"91.8a,b"
Republic of Moldova,National currency,,Moldovan Leu (MDL)
Republic of Moldova,Exchange rate (per US$),,17.2d
Romania,Region,,Eastern Europe
Romania,"Population (000, 2021)",,19 128a
Romania,"Pop. density (per km2, 2021)",,83.1a
Romania,Capital city,,Bucharest
Romania,"Capital city pop. (000, 2021)",,1 812.3b
Romania,UN membership date,,14-Dec-55
Romania,Surface area (km2),,238 391b
Romania,Sex ratio (m per 100 f),,94.6a
Romania,National currency,,Romanian Leu (RON)
Romania,Exchange rate (per US$),,4c
Russian Federation,Region,,Eastern Europe
Russian Federation,"Population (000, 2021)",,145 912a
Russian Federation,"Pop. density (per km2, 2021)",,8.9a
Russian Federation,Capital city,,Moscow
Russian Federation,"Capital city pop. (000, 2021)",,12 476.2b
Russian Federation,UN membership date,,24-Oct-45
Russian Federation,Surface area (km2),,17 098 246b
Russian Federation,Sex ratio (m per 100 f),,86.4a
Russian Federation,National currency,,Russian Ruble (RUB)
Russian Federation,Exchange rate (per US$),,73.9c
Rwanda,Region,,Eastern Africa
Rwanda,"Population (000, 2021)",,13 276a
Rwanda,"Pop. density (per km2, 2021)",,538.2a
Rwanda,Capital city,,Kigali
Rwanda,"Capital city pop. (000, 2021)",,1 094.8b
Rwanda,UN membership date,,18-Sep-62
Rwanda,Surface area (km2),,26 338b
Rwanda,Sex ratio (m per 100 f),,96.7a
Rwanda,National currency,,Rwanda Franc (RWF)
Rwanda,Exchange rate (per US$),,972.5c
Réunion,Region,,Eastern Africa
Réunion,"Population (000, 2021)",,902a
Réunion,"Pop. density (per km2, 2021)",,360.7a
Réunion,Capital city,,Saint-Denis
Réunion,"Capital city pop. (000, 2021)",,147.2c
Réunion,Surface area (km2),,2 510b
Réunion,Sex ratio (m per 100 f),,93.8a
Réunion,National currency,,Euro (EUR)
Réunion,Exchange rate (per US$),,0.8d
Saint Helena,Region,,Western Africa
Saint Helena,"Population (000, 2021)",,"6a,b"
Saint Helena,"Pop. density (per km2, 2021)",,"15.6a,b"
Saint Helena,Capital city,,Jamestown
Saint Helena,"Capital city pop. (000, 2021)",,0.6f
Saint Helena,Surface area (km2),,"309c,d,e"
Saint Helena,National currency,,Saint Helena Pound (SHP)
Saint Kitts and Nevis,Region,,Caribbean
Saint Kitts and Nevis,"Population (000, 2021)",,54a
Saint Kitts and Nevis,"Pop. density (per km2, 2021)",,205.9a
Saint Kitts and Nevis,Capital city,,Basseterre
Saint Kitts and Nevis,"Capital city pop. (000, 2021)",,14.4d
Saint Kitts and Nevis,UN membership date,,23-Sep-83
Saint Kitts and Nevis,Surface area (km2),,261b
Saint Kitts and Nevis,National currency,,E. Caribbean Dollar (XCD)c
Saint Kitts and Nevis,Exchange rate (per US$),,2.7e
Saint Lucia,Region,,Caribbean
Saint Lucia,"Population (000, 2021)",,184a
Saint Lucia,"Pop. density (per km2, 2021)",,302.3a
Saint Lucia,Capital city,,Castries
Saint Lucia,"Capital city pop. (000, 2021)",,22.3e
Saint Lucia,UN membership date,,18-Sep-79
Saint Lucia,Surface area (km2),,"539b,c"
Saint Lucia,Sex ratio (m per 100 f),,97a
Saint Lucia,National currency,,E. Caribbean Dollar (XCD)d
Saint Lucia,Exchange rate (per US$),,2.7f
Saint Pierre and Miquelon,Region,,Northern America
Saint Pierre and Miquelon,"Population (000, 2021)",,6a
Saint Pierre and Miquelon,"Pop. density (per km2, 2021)",,25.1a
Saint Pierre and Miquelon,Capital city,,Saint-Pierre
Saint Pierre and Miquelon,"Capital city pop. (000, 2021)",,5.7c
Saint Pierre and Miquelon,Surface area (km2),,242b
Saint Pierre and Miquelon,National currency,,Euro (EUR)
Saint Pierre and Miquelon,Exchange rate (per US$),,0.8d
Saint Vincent and the Grenadines,Region,,Caribbean
Saint Vincent and the Grenadines,"Population (000, 2021)",,111a
Saint Vincent and the Grenadines,"Pop. density (per km2, 2021)",,285.3a
Saint Vincent and the Grenadines,Capital city,,Kingstown
Saint Vincent and the Grenadines,"Capital city pop. (000, 2021)",,26.6d
Saint Vincent and the Grenadines,UN membership date,,16-Sep-80
Saint Vincent and the Grenadines,Surface area (km2),,389b
Saint Vincent and the Grenadines,Sex ratio (m per 100 f),,102.5a
Saint Vincent and the Grenadines,National currency,,E. Caribbean Dollar (XCD)c
Saint Vincent and the Grenadines,Exchange rate (per US$),,2.7e
Samoa,Region,,Polynesia
Samoa,"Population (000, 2021)",,200a
Samoa,"Pop. density (per km2, 2021)",,70.7a
Samoa,Capital city,,Apia
Samoa,"Capital city pop. (000, 2021)",,36.1c
Samoa,UN membership date,,15-Dec-76
Samoa,Surface area (km2),,2 842b
Samoa,Sex ratio (m per 100 f),,107.3a
Samoa,National currency,,Tala (WST)
Samoa,Exchange rate (per US$),,2.5d
San Marino,Region,,Southern Europe
San Marino,"Population (000, 2021)",,34a
San Marino,"Pop. density (per km2, 2021)",,566.8a
San Marino,Capital city,,San Marino
San Marino,"Capital city pop. (000, 2021)",,4.5c
San Marino,UN membership date,,02-Mar-92
San Marino,Surface area (km2),,61b
San Marino,National currency,,Euro (EUR)
San Marino,Exchange rate (per US$),,0.8d
Sao Tome and Principe,Region,,Middle Africa
Sao Tome and Principe,"Population (000, 2021)",,223a
Sao Tome and Principe,"Pop. density (per km2, 2021)",,232.7a
Sao Tome and Principe,Capital city,,Sao Tome
Sao Tome and Principe,"Capital city pop. (000, 2021)",,80.1c
Sao Tome and Principe,UN membership date,,16-Sep-75
Sao Tome and Principe,Surface area (km2),,964b
Sao Tome and Principe,Sex ratio (m per 100 f),,100.2a
Sao Tome and Principe,National currency,,Dobra (STN)
Sao Tome and Principe,Exchange rate (per US$),,20d
Saudi Arabia,Region,,Western Asia
Saudi Arabia,"Population (000, 2021)",,35 341a
Saudi Arabia,"Pop. density (per km2, 2021)",,16.4a
Saudi Arabia,Capital city,,Riyadh
Saudi Arabia,"Capital city pop. (000, 2021)",,7 070.7b
Saudi Arabia,UN membership date,,24-Oct-45
Saudi Arabia,Surface area (km2),,2 206 714b
Saudi Arabia,Sex ratio (m per 100 f),,137.1a
Saudi Arabia,National currency,,Saudi Riyal (SAR)
Saudi Arabia,Exchange rate (per US$),,3.8c
Senegal,Region,,Western Africa
Senegal,"Population (000, 2021)",,17 196a
Senegal,"Pop. density (per km2, 2021)",,89.3a
Senegal,Capital city,,Dakar
Senegal,"Capital city pop. (000, 2021)",,"3 057.1e,c"
Senegal,UN membership date,,28-Sep-60
Senegal,Surface area (km2),,"196 712b,c"
Senegal,Sex ratio (m per 100 f),,95.4a
Senegal,National currency,,"CFA Franc, BCEAO (XOF)d"
Senegal,Exchange rate (per US$),,534.6f
Serbia,Region,,Southern Europe
Serbia,"Population (000, 2021)",,"8 698a,b"
Serbia,"Pop. density (per km2, 2021)",,"99.4a,b"
Serbia,Capital city,,Belgrade
Serbia,"Capital city pop. (000, 2021)",,"1 393.7d,c"
Serbia,UN membership date,,01-Nov-00
Serbia,Surface area (km2),,88 444c
Serbia,Sex ratio (m per 100 f),,"96a,b"
Serbia,National currency,,Serbian Dinar (RSD)
Serbia,Exchange rate (per US$),,95.7e
Seychelles,Region,,Eastern Africa
Seychelles,"Population (000, 2021)",,99a
Seychelles,"Pop. density (per km2, 2021)",,215a
Seychelles,Capital city,,Victoria
Seychelles,"Capital city pop. (000, 2021)",,28.1c
Seychelles,UN membership date,,21-Sep-76
Seychelles,Surface area (km2),,457b
Seychelles,Sex ratio (m per 100 f),,105.1a
Seychelles,National currency,,Seychelles Rupee (SCR)
Seychelles,Exchange rate (per US$),,21.6d
Sierra Leone,Region,,Western Africa
Sierra Leone,"Population (000, 2021)",,8 141a
Sierra Leone,"Pop. density (per km2, 2021)",,112.8a
Sierra Leone,Capital city,,Freetown
Sierra Leone,"Capital city pop. (000, 2021)",,1 168.4b
Sierra Leone,UN membership date,,27-Sep-61
Sierra Leone,Surface area (km2),,72 300b
Sierra Leone,Sex ratio (m per 100 f),,99.7a
Sierra Leone,National currency,,Leone (SLL)
Sierra Leone,Exchange rate (per US$),,10 133.4c
Singapore,Region,,South-eastern Asia
Singapore,"Population (000, 2021)",,5 897a
Singapore,"Pop. density (per km2, 2021)",,8 423.8a
Singapore,Capital city,,Singapore
Singapore,"Capital city pop. (000, 2021)",,5 868.1c
Singapore,UN membership date,,21-Sep-65
Singapore,Surface area (km2),,"725b,c"
Singapore,Sex ratio (m per 100 f),,109.8a
Singapore,National currency,,Singapore Dollar (SGD)
Singapore,Exchange rate (per US$),,1.3d
Sint Maarten (Dutch part),Region,,Caribbean
Sint Maarten (Dutch part),"Population (000, 2021)",,43a
Sint Maarten (Dutch part),"Pop. density (per km2, 2021)",,1 277.1a
Sint Maarten (Dutch part),Capital city,,Philipsburg
Sint Maarten (Dutch part),"Capital city pop. (000, 2021)",,"40.6d,e"
Sint Maarten (Dutch part),Surface area (km2),,34b
Sint Maarten (Dutch part),National currency,,Neth. Ant. Guilder (ANG)c
Sint Maarten (Dutch part),Exchange rate (per US$),,1.8f
Slovakia,Region,,Eastern Europe
Slovakia,"Population (000, 2021)",,5 461a
Slovakia,"Pop. density (per km2, 2021)",,113.6a
Slovakia,Capital city,,Bratislava
Slovakia,"Capital city pop. (000, 2021)",,432.5c
Slovakia,UN membership date,,19-Jan-93
Slovakia,Surface area (km2),,"49 035b,c"
Slovakia,Sex ratio (m per 100 f),,94.9a
Slovakia,National currency,,Euro (EUR)
Slovakia,Exchange rate (per US$),,0.8d
Slovenia,Region,,Southern Europe
Slovenia,"Population (000, 2021)",,2 079a
Slovenia,"Pop. density (per km2, 2021)",,103.2a
Slovenia,Capital city,,Ljubljana
Slovenia,"Capital city pop. (000, 2021)",,286.5c
Slovenia,UN membership date,,22-May-92
Slovenia,Surface area (km2),,20 273b
Slovenia,Sex ratio (m per 100 f),,99.3a
Slovenia,National currency,,Euro (EUR)
Slovenia,Exchange rate (per US$),,0.8d
Solomon Islands,Region,,Melanesia
Solomon Islands,"Population (000, 2021)",,704a
Solomon Islands,"Pop. density (per km2, 2021)",,25.2a
Solomon Islands,Capital city,,Honiara
Solomon Islands,"Capital city pop. (000, 2021)",,81.8d
Solomon Islands,UN membership date,,19-Sep-78
Solomon Islands,Surface area (km2),,28 896b
Solomon Islands,Sex ratio (m per 100 f),,103.5a
Solomon Islands,National currency,,Solomon Is. Dollar (SBD)c
Solomon Islands,Exchange rate (per US$),,8e
Somalia,Region,,Eastern Africa
Somalia,"Population (000, 2021)",,16 360a
Somalia,"Pop. density (per km2, 2021)",,26.1a
Somalia,Capital city,,Mogadishu
Somalia,"Capital city pop. (000, 2021)",,"2 179.9c,b"
Somalia,UN membership date,,20-Sep-60
Somalia,Surface area (km2),,637 657b
Somalia,Sex ratio (m per 100 f),,99.4a
Somalia,National currency,,Somali Shilling (SOS)
Somalia,Exchange rate (per US$),,"24 300.0d,e"
South Africa,Region,,Southern Africa
South Africa,"Population (000, 2021)",,60 042a
South Africa,"Pop. density (per km2, 2021)",,49.5a
South Africa,Capital city,,Pretoriac
South Africa,"Capital city pop. (000, 2021)",,2 472.6b
South Africa,UN membership date,,07-Nov-45
South Africa,Surface area (km2),,1 221 037b
South Africa,Sex ratio (m per 100 f),,97a
South Africa,National currency,,Rand (ZAR)
South Africa,Exchange rate (per US$),,14.7d
South Sudan,Region,,Eastern Africa
South Sudan,"Population (000, 2021)",,11 381a
South Sudan,"Pop. density (per km2, 2021)",,18.6a
South Sudan,Capital city,,Juba
South Sudan,"Capital city pop. (000, 2021)",,385.8d
South Sudan,UN membership date,,14-Jul-11
South Sudan,Surface area (km2),,658 841b
South Sudan,Sex ratio (m per 100 f),,100.2a
South Sudan,National currency,,S. Sudanese Pound (SSP)c
South Sudan,Exchange rate (per US$),,177.3e
Spain,Region,,Southern Europe
Spain,"Population (000, 2021)",,"46 745a,b"
Spain,"Pop. density (per km2, 2021)",,"93.7a,b"
Spain,Capital city,,Madrid
Spain,"Capital city pop. (000, 2021)",,6 559.0c
Spain,UN membership date,,14-Dec-55
Spain,Surface area (km2),,505 969c
Spain,Sex ratio (m per 100 f),,"96.7a,b"
Spain,National currency,,Euro (EUR)
Spain,Exchange rate (per US$),,0.8d
Sri Lanka,Region,,Southern Asia
Sri Lanka,"Population (000, 2021)",,21 497a
Sri Lanka,"Pop. density (per km2, 2021)",,342.8a
Sri Lanka,Capital city,,Colomboc
Sri Lanka,"Capital city pop. (000, 2021)",,606.2b
Sri Lanka,UN membership date,,14-Dec-55
Sri Lanka,Surface area (km2),,65 610b
Sri Lanka,Sex ratio (m per 100 f),,92a
Sri Lanka,National currency,,Sri Lanka Rupee (LKR)
Sri Lanka,Exchange rate (per US$),,186.4d
State of Palestine,Region,,Western Asia
State of Palestine,"Population (000, 2021)",,"5 223a,b"
State of Palestine,"Pop. density (per km2, 2021)",,"867.6a,b"
State of Palestine,Capital city,,East Jerusalemd
State of Palestine,"Capital city pop. (000, 2021)",,"275.1d,e"
State of Palestine,Surface area (km2),,6 025c
State of Palestine,Sex ratio (m per 100 f),,"102.9a,b"
Sudan,Region,,Northern Africa
Sudan,"Population (000, 2021)",,44 909a
Sudan,"Pop. density (per km2, 2021)",,25.4a
Sudan,Capital city,,Khartoum
Sudan,"Capital city pop. (000, 2021)",,5 677.9b
Sudan,UN membership date,,12-Nov-56
Sudan,Sex ratio (m per 100 f),,99.9a
Sudan,National currency,,Sudanese Pound (SDG)
Sudan,Exchange rate (per US$),,55c
Suriname,Region,,South America
Suriname,"Population (000, 2021)",,592a
Suriname,"Pop. density (per km2, 2021)",,3.8a
Suriname,Capital city,,Paramaribo
Suriname,"Capital city pop. (000, 2021)",,"239.5c,d"
Suriname,UN membership date,,04-Dec-75
Suriname,Surface area (km2),,163 820b
Suriname,Sex ratio (m per 100 f),,101a
Suriname,National currency,,Surinam Dollar (SRD)
Suriname,Exchange rate (per US$),,14.2e
Sweden,Region,,Northern Europe
Sweden,"Population (000, 2021)",,10 160a
Sweden,"Pop. density (per km2, 2021)",,24.8a
Sweden,Capital city,,Stockholm
Sweden,"Capital city pop. (000, 2021)",,"1 608.0c,b"
Sweden,UN membership date,,19-Nov-46
Sweden,Surface area (km2),,438 574b
Sweden,Sex ratio (m per 100 f),,100.4a
Sweden,National currency,,Swedish Krona (SEK)
Sweden,Exchange rate (per US$),,8.2d
Switzerland,Region,,Western Europe
Switzerland,"Population (000, 2021)",,8 716a
Switzerland,"Pop. density (per km2, 2021)",,220.6a
Switzerland,Capital city,,Bern
Switzerland,"Capital city pop. (000, 2021)",,426b
Switzerland,UN membership date,,10-Sep-02
Switzerland,Surface area (km2),,41 291b
Switzerland,Sex ratio (m per 100 f),,98.5a
Switzerland,National currency,,Swiss Franc (CHF)
Switzerland,Exchange rate (per US$),,0.9c
Syrian Arab Republic,Region,,Western Asia
Syrian Arab Republic,"Population (000, 2021)",,18 276a
Syrian Arab Republic,"Pop. density (per km2, 2021)",,99.5a
Syrian Arab Republic,Capital city,,Damascus
Syrian Arab Republic,"Capital city pop. (000, 2021)",,"2 353.6c,b"
Syrian Arab Republic,UN membership date,,24-Oct-45
Syrian Arab Republic,Surface area (km2),,185 180b
Syrian Arab Republic,Sex ratio (m per 100 f),,100.1a
Syrian Arab Republic,National currency,,Syrian Pound (SYP)
Syrian Arab Republic,Exchange rate (per US$),,"1 250.0d,e"
Tajikistan,Region,,Central Asia
Tajikistan,"Population (000, 2021)",,9 750a
Tajikistan,"Pop. density (per km2, 2021)",,69.7a
Tajikistan,Capital city,,Dushanbe
Tajikistan,"Capital city pop. (000, 2021)",,893.8b
Tajikistan,UN membership date,,02-Mar-92
Tajikistan,Surface area (km2),,142 600b
Tajikistan,Sex ratio (m per 100 f),,101.5a
Tajikistan,National currency,,Somoni (TJS)
Tajikistan,Exchange rate (per US$),,11.3c
Thailand,Region,,South-eastern Asia
Thailand,"Population (000, 2021)",,69 951a
Thailand,"Pop. density (per km2, 2021)",,136.9a
Thailand,Capital city,,Bangkok
Thailand,"Capital city pop. (000, 2021)",,10 350.2b
Thailand,UN membership date,,16-Dec-46
Thailand,Surface area (km2),,513 140b
Thailand,Sex ratio (m per 100 f),,94.7a
Thailand,National currency,,Baht (THB)
Thailand,Exchange rate (per US$),,30c
The former Yugoslav Republic of Macedonia,Region,,Southern Europe
The former Yugoslav Republic of Macedonia,"Population (000, 2021)",,2 083a
The former Yugoslav Republic of Macedonia,"Pop. density (per km2, 2021)",,82.6a
The former Yugoslav Republic of Macedonia,Capital city,,Skopje
The former Yugoslav Republic of Macedonia,"Capital city pop. (000, 2021)",,589.8b
The former Yugoslav Republic of Macedonia,UN membership date,,08-Apr-93
The former Yugoslav Republic of Macedonia,Surface area (km2),,25 713b
The former Yugoslav Republic of Macedonia,Sex ratio (m per 100 f),,100.1a
The former Yugoslav Republic of Macedonia,National currency,,Denar (MKD)
The former Yugoslav Republic of Macedonia,Exchange rate (per US$),,50.2c
Timor-Leste,Region,,South-eastern Asia
Timor-Leste,"Population (000, 2021)",,1 344a
Timor-Leste,"Pop. density (per km2, 2021)",,90.4a
Timor-Leste,Capital city,,Dili
Timor-Leste,"Capital city pop. (000, 2021)",,281.1c
Timor-Leste,UN membership date,,27-Sep-02
Timor-Leste,Surface area (km2),,14 919b
Timor-Leste,Sex ratio (m per 100 f),,102.1a
Timor-Leste,National currency,,US Dollar (USD)
Togo,Region,,Western Africa
Togo,"Population (000, 2021)",,8 478a
Togo,"Pop. density (per km2, 2021)",,155.9a
Togo,Capital city,,LomÃ©
Togo,"Capital city pop. (000, 2021)",,1 785.3b
Togo,UN membership date,,20-Sep-60
Togo,Surface area (km2),,56 785b
Togo,Sex ratio (m per 100 f),,99.1a
Togo,National currency,,"CFA Franc, BCEAO (XOF)c"
Togo,Exchange rate (per US$),,534.6d
Tokelau,Region,,Polynesia
Tokelau,"Population (000, 2021)",,1a
Tokelau,"Pop. density (per km2, 2021)",,136.8a
Tokelau,Capital city,,Tokelauc
Tokelau,Surface area (km2),,12b
Tokelau,National currency,,New Zealand Dollar (NZD)
Tokelau,Exchange rate (per US$),,1.4d
Tonga,Region,,Polynesia
Tonga,"Population (000, 2021)",,107a
Tonga,"Pop. density (per km2, 2021)",,148.3a
Tonga,Capital city,,Nuku'alofa
Tonga,"Capital city pop. (000, 2021)",,22.9c
Tonga,UN membership date,,14-Sep-99
Tonga,Surface area (km2),,747b
Tonga,Sex ratio (m per 100 f),,100.2a
Tonga,National currency,,Pa'anga (TOP)
Tonga,Exchange rate (per US$),,2.3d
Trinidad and Tobago,Region,,Caribbean
Trinidad and Tobago,"Population (000, 2021)",,1 403a
Trinidad and Tobago,"Pop. density (per km2, 2021)",,273.6a
Trinidad and Tobago,Capital city,,Port of Spain
Trinidad and Tobago,"Capital city pop. (000, 2021)",,"544.3d,b"
Trinidad and Tobago,UN membership date,,18-Sep-62
Trinidad and Tobago,Surface area (km2),,5 127b
Trinidad and Tobago,Sex ratio (m per 100 f),,97.4a
Trinidad and Tobago,National currency,,TT Dollar (TTD)c
Trinidad and Tobago,Exchange rate (per US$),,6.7e
Tunisia,Region,,Northern Africa
Tunisia,"Population (000, 2021)",,11 936a
Tunisia,"Pop. density (per km2, 2021)",,76.8a
Tunisia,Capital city,,Tunis
Tunisia,"Capital city pop. (000, 2021)",,"2 327.8c,b"
Tunisia,UN membership date,,12-Nov-56
Tunisia,Surface area (km2),,163 610b
Tunisia,Sex ratio (m per 100 f),,98.4a
Tunisia,National currency,,Tunisian Dinar (TND)
Tunisia,Exchange rate (per US$),,2.7d
Turkey,Region,,Western Asia
Turkey,"Population (000, 2021)",,85 043a
Turkey,"Pop. density (per km2, 2021)",,110.5a
Turkey,Capital city,,Ankara
Turkey,"Capital city pop. (000, 2021)",,"5 018.0c,b"
Turkey,UN membership date,,24-Oct-45
Turkey,Surface area (km2),,783 562b
Turkey,Sex ratio (m per 100 f),,97.5a
Turkey,National currency,,Turkish Lira (TRY)
Turkey,Exchange rate (per US$),,7.4d
Turkmenistan,Region,,Central Asia
Turkmenistan,"Population (000, 2021)",,6 118a
Turkmenistan,"Pop. density (per km2, 2021)",,13a
Turkmenistan,Capital city,,Ashgabat
Turkmenistan,"Capital city pop. (000, 2021)",,828.1b
Turkmenistan,UN membership date,,02-Mar-92
Turkmenistan,Surface area (km2),,488 100b
Turkmenistan,Sex ratio (m per 100 f),,97a
Turkmenistan,National currency,,Turkmen. Manat (TMT)c
Turkmenistan,Exchange rate (per US$),,"3.5d,e"
Turks and Caicos Islands,Region,,Caribbean
Turks and Caicos Islands,"Population (000, 2021)",,39a
Turks and Caicos Islands,"Pop. density (per km2, 2021)",,41.3a
Turks and Caicos Islands,Capital city,,Cockburn Town
Turks and Caicos Islands,"Capital city pop. (000, 2021)",,0.1d
Turks and Caicos Islands,Surface area (km2),,"948b,c"
Turks and Caicos Islands,National currency,,US Dollar (USD)
Tuvalu,Region,,Polynesia
Tuvalu,"Population (000, 2021)",,12a
Tuvalu,"Pop. density (per km2, 2021)",,397.5a
Tuvalu,Capital city,,Funafuti
Tuvalu,"Capital city pop. (000, 2021)",,7c
Tuvalu,UN membership date,,05-Sep-00
Tuvalu,Surface area (km2),,26b
Tuvalu,National currency,,Australian Dollar (AUD)
Tuvalu,Exchange rate (per US$),,1.3d
Uganda,Region,,Eastern Africa
Uganda,"Population (000, 2021)",,47 124a
Uganda,"Pop. density (per km2, 2021)",,235.8a
Uganda,Capital city,,Kampala
Uganda,"Capital city pop. (000, 2021)",,"3 137.7c,b"
Uganda,UN membership date,,25-Oct-62
Uganda,Surface area (km2),,241 550b
Uganda,Sex ratio (m per 100 f),,97.3a
Uganda,National currency,,Uganda Shilling (UGX)
Uganda,Exchange rate (per US$),,3 650.1d
Ukraine,Region,,Eastern Europe
Ukraine,"Population (000, 2021)",,"43 467a,b"
Ukraine,"Pop. density (per km2, 2021)",,"75a,b"
Ukraine,Capital city,,Kyiv
Ukraine,"Capital city pop. (000, 2021)",,2 973.3c
Ukraine,UN membership date,,24-Oct-45
Ukraine,Surface area (km2),,603 500c
Ukraine,Sex ratio (m per 100 f),,"86.4a,b"
Ukraine,National currency,,Hryvnia (UAH)
Ukraine,Exchange rate (per US$),,"28.3d,e"
United Arab Emirates,Region,,Western Asia
United Arab Emirates,"Population (000, 2021)",,9 991a
United Arab Emirates,"Pop. density (per km2, 2021)",,119.5a
United Arab Emirates,Capital city,,Abu Dhabi
United Arab Emirates,"Capital city pop. (000, 2021)",,1 452.1c
United Arab Emirates,UN membership date,,09-Dec-71
United Arab Emirates,Surface area (km2),,"71 024b,c"
United Arab Emirates,Sex ratio (m per 100 f),,222a
United Arab Emirates,National currency,,UAE Dirham (AED)d
United Arab Emirates,Exchange rate (per US$),,3.7e
United Kingdom,Region,,Northern Europe
United Kingdom,"Population (000, 2021)",,68 207a
United Kingdom,"Pop. density (per km2, 2021)",,281.9a
United Kingdom,Capital city,,London
United Kingdom,"Capital city pop. (000, 2021)",,"9 176.5d,c"
United Kingdom,UN membership date,,24-Oct-45
United Kingdom,Surface area (km2),,"242 495b,c"
United Kingdom,Sex ratio (m per 100 f),,97.8a
United Kingdom,National currency,,Pound Sterling (GBP)
United Kingdom,Exchange rate (per US$),,0.8e
United Republic of Tanzania,Region,,Eastern Africa
United Republic of Tanzania,"Population (000, 2021)",,"61 498a,b"
United Republic of Tanzania,"Pop. density (per km2, 2021)",,"69.4a,b"
United Republic of Tanzania,Capital city,,Dodoma
United Republic of Tanzania,"Capital city pop. (000, 2021)",,261.6d
United Republic of Tanzania,UN membership date,,14-Dec-61
United Republic of Tanzania,Surface area (km2),,947 303c
United Republic of Tanzania,Sex ratio (m per 100 f),,"99.9a,b"
United Republic of Tanzania,National currency,,Tanzanian Shilling (TZS)
United Republic of Tanzania,Exchange rate (per US$),,2 298.5e
United States Virgin Islands,Region,,Caribbean
United States Virgin Islands,"Population (000, 2021)",,104a
United States Virgin Islands,"Pop. density (per km2, 2021)",,297.8a
United States Virgin Islands,Capital city,,Charlotte Amalie
United States Virgin Islands,"Capital city pop. (000, 2021)",,52.3c
United States Virgin Islands,Surface area (km2),,347b
United States Virgin Islands,Sex ratio (m per 100 f),,90.4a
United States Virgin Islands,National currency,,US Dollar (USD)
United States of America,Region,,Northern America
United States of America,"Population (000, 2021)",,332 915a
United States of America,"Pop. density (per km2, 2021)",,36.4a
United States of America,Capital city,,"Washington, D.C."
United States of America,"Capital city pop. (000, 2021)",,5 264.5b
United States of America,UN membership date,,24-Oct-45
United States of America,Surface area (km2),,9 833 517b
United States of America,Sex ratio (m per 100 f),,97.9a
United States of America,National currency,,US Dollar (USD)
Uruguay,Region,,South America
Uruguay,"Population (000, 2021)",,3 485a
Uruguay,"Pop. density (per km2, 2021)",,19.9a
Uruguay,Capital city,,Montevideo
Uruguay,"Capital city pop. (000, 2021)",,"1 744.7c,b"
Uruguay,UN membership date,,18-Dec-45
Uruguay,Surface area (km2),,173 626b
Uruguay,Sex ratio (m per 100 f),,93.6a
Uruguay,National currency,,Peso Uruguayo (UYU)
Uruguay,Exchange rate (per US$),,42.3d
Uzbekistan,Region,,Central Asia
Uzbekistan,"Population (000, 2021)",,33 936a
Uzbekistan,"Pop. density (per km2, 2021)",,79.8a
Uzbekistan,Capital city,,Tashkent
Uzbekistan,"Capital city pop. (000, 2021)",,2 490.3b
Uzbekistan,UN membership date,,02-Mar-92
Uzbekistan,Surface area (km2),,448 969b
Uzbekistan,Sex ratio (m per 100 f),,99.6a
Uzbekistan,National currency,,Uzbekistan Sum (UZS)
Uzbekistan,Exchange rate (per US$),,"10 483.0c,d"
Vanuatu,Region,,Melanesia
Vanuatu,"Population (000, 2021)",,314a
Vanuatu,"Pop. density (per km2, 2021)",,25.8a
Vanuatu,Capital city,,Port Vila
Vanuatu,"Capital city pop. (000, 2021)",,52.7c
Vanuatu,UN membership date,,15-Sep-81
Vanuatu,Surface area (km2),,12 189b
Vanuatu,Sex ratio (m per 100 f),,102.7a
Vanuatu,National currency,,Vatu (VUV)
Vanuatu,Exchange rate (per US$),,107.7d
Venezuela (Bolivarian Republic of),Region,,South America
Venezuela (Bolivarian Republic of),"Population (000, 2021)",,28 705a
Venezuela (Bolivarian Republic of),"Pop. density (per km2, 2021)",,32.5a
Venezuela (Bolivarian Republic of),Capital city,,Caracas
Venezuela (Bolivarian Republic of),"Capital city pop. (000, 2021)",,"2 935.5c,b"
Venezuela (Bolivarian Republic of),UN membership date,,15-Nov-45
Venezuela (Bolivarian Republic of),Surface area (km2),,929 690b
Venezuela (Bolivarian Republic of),Sex ratio (m per 100 f),,96.7a
Venezuela (Bolivarian Republic of),National currency,,BolÃ­var (VEF)
Venezuela (Bolivarian Republic of),Exchange rate (per US$),,10d
Viet Nam,Region,,South-eastern Asia
Viet Nam,"Population (000, 2021)",,98 169a
Viet Nam,"Pop. density (per km2, 2021)",,316.6a
Viet Nam,Capital city,,Hanoi
Viet Nam,"Capital city pop. (000, 2021)",,"4 479.6c,b"
Viet Nam,UN membership date,,20-Sep-77
Viet Nam,Surface area (km2),,331 236b
Viet Nam,Sex ratio (m per 100 f),,99.7a
Viet Nam,National currency,,Dong (VND)
Viet Nam,Exchange rate (per US$),,23 131.0d
Wallis and Futuna Islands,Region,,Polynesia
Wallis and Futuna Islands,"Population (000, 2021)",,11a
Wallis and Futuna Islands,"Pop. density (per km2, 2021)",,79.2a
Wallis and Futuna Islands,Capital city,,Matu-Utu
Wallis and Futuna Islands,"Capital city pop. (000, 2021)",,1d
Wallis and Futuna Islands,Surface area (km2),,142b
Wallis and Futuna Islands,National currency,,CFP Franc (XPF)c
Wallis and Futuna Islands,Exchange rate (per US$),,97.2e
Western Sahara,Region,,Northern Africa
Western Sahara,"Population (000, 2021)",,612a
Western Sahara,"Pop. density (per km2, 2021)",,2.3a
Western Sahara,Capital city,,El AaiÃºn
Western Sahara,"Capital city pop. (000, 2021)",,232.4d
Western Sahara,Surface area (km2),,"266 000b,c"
Western Sahara,Sex ratio (m per 100 f),,109.4a
Western Sahara,National currency,,Moroccan Dirham (MAD)
Western Sahara,Exchange rate (per US$),,8.9e
Yemen,Region,,Western Asia
Yemen,"Population (000, 2021)",,30 491a
Yemen,"Pop. density (per km2, 2021)",,57.8a
Yemen,Capital city,,Sana'a
Yemen,"Capital city pop. (000, 2021)",,"2 874.4c,b"
Yemen,UN membership date,,30-Sep-47
Yemen,Surface area (km2),,527 968b
Yemen,Sex ratio (m per 100 f),,101.5a
Yemen,National currency,,Yemeni Rial (YER)
Yemen,Exchange rate (per US$),,250.2d
Zambia,Region,,Eastern Africa
Zambia,"Population (000, 2021)",,18 921a
Zambia,"Pop. density (per km2, 2021)",,25.5a
Zambia,Capital city,,Lusaka
Zambia,"Capital city pop. (000, 2021)",,2 646.6b
Zambia,UN membership date,,01-Dec-64
Zambia,Surface area (km2),,752 612b
Zambia,Sex ratio (m per 100 f),,98.1a
Zambia,National currency,,Zambian Kwacha (ZMW)
Zambia,Exchange rate (per US$),,21.2c
Zimbabwe,Region,,Eastern Africa
Zimbabwe,"Population (000, 2021)",,15 092a
Zimbabwe,"Pop. density (per km2, 2021)",,39a
Zimbabwe,Capital city,,Harare
Zimbabwe,"Capital city pop. (000, 2021)",,1 521.3b
Zimbabwe,UN membership date,,25-Aug-80
Zimbabwe,Surface area (km2),,390 757b
Zimbabwe,Sex ratio (m per 100 f),,91.4a
Zimbabwe,National currency,,Zimbabwe Dollar (ZWL)
Zimbabwe,Exchange rate (per US$),,81.8c
